Name,GenType,TM,Pos,GL,X_size,Y_size,NormPos,folds
D1BN_TM10.5_0010_G001_2.png,D1BN,10.5,10,G,2272,3232,0.0212765957446808,-1
D1BN_TM10.5_0012_L003_2.png,D1BN,10.5,12,L,2528,3440,0.0254237288135593,-1
D1BN_TM10.5_0052_L003_6.png,D1BN,10.5,52,L,3120,4560,0.1101694915254237,-1
D1BN_TM10.5_0130_G001_14.png,D1BN,10.5,130,G,5040,6576,0.2765957446808511,-1
D1BN_TM10.5_0145_L016_1.png,D1BN,10.5,145,L,5328,6640,0.3072033898305085,-1
D1BN_TM10.5_0156_G017_2.png,D1BN,10.5,156,G,5760,7776,0.3319148936170212,-1
D1BN_TM10.5_0158_L019_2.png,D1BN,10.5,158,L,6048,7680,0.3347457627118644,-1
D1BN_TM10.5_0183_G014_5.png,D1BN,10.5,183,G,6024,7920,0.3893617021276596,-1
D1BN_TM10.5_0185_L016_5.png,D1BN,10.5,185,L,5664,7968,0.3919491525423729,-1
D1BN_TM10.5_0250_G021_2.png,D1BN,10.5,250,G,6864,8688,0.5319148936170213,-1
D1BN_TM10.5_0252_L023_2.png,D1BN,10.5,252,L,6432,8256,0.5338983050847458,-1
D1BN_TM10.5_0318_L029_8.png,D1BN,10.5,318,L,6640,8432,0.673728813559322,-1
D1BN_TM10.5_0356_G037_2.png,D1BN,10.5,356,G,7344,7344,0.7574468085106383,-1
D1BN_TM10.5_0370_G031_4.png,D1BN,10.5,370,G,6912,7680,0.7872340425531915,-1
D1BN_TM10.5_0372_L033_4.png,D1BN,10.5,372,L,6624,7344,0.788135593220339,-1
D1BN_TM10.5_0412_L033_8.png,D1BN,10.5,412,L,6816,6528,0.8728813559322034,-1
D1BN_TM10.5_0423_G034_9.png,D1BN,10.5,423,G,7152,6000,0.9,-1
D1BN_TM10.5_0425_L036_9.png,D1BN,10.5,425,L,6960,6048,0.9004237288135594,-1
D1BN_TM10.5_0436_G037_10.png,D1BN,10.5,436,G,7440,5760,0.9276595744680852,-1
D1BN_TM10.5_0450_G031_12.png,D1BN,10.5,450,G,6784,4992,0.9574468085106383,-1
D1BN_TM11.5_0010_G001_2.png,D1BN,11.5,10,G,2752,3392,0.0201612903225806,-1
D1BN_TM11.5_0024_L005_3.png,D1BN,11.5,24,L,2848,3712,0.0482897384305835,-1
D1BN_TM11.5_0036_G007_4.png,D1BN,11.5,36,G,3120,4032,0.0725806451612903,-1
D1BN_TM11.5_0050_G001_6.png,D1BN,11.5,50,G,3600,4608,0.1008064516129032,-1
D1BN_TM11.5_0051_L002_6.png,D1BN,11.5,51,L,3440,4176,0.1026156941649899,-1
D1BN_TM11.5_0064_L005_7.png,D1BN,11.5,64,L,3488,4336,0.1287726358148893,-1
D1BN_TM11.5_0076_G007_8.png,D1BN,11.5,76,G,4032,4720,0.1532258064516129,-1
D1BN_TM11.5_0091_L002_10.png,D1BN,11.5,91,L,4240,5296,0.1830985915492957,-1
D1BN_TM11.5_0157_L018_2.png,D1BN,11.5,157,L,5616,7488,0.3158953722334004,-1
D1BN_TM11.5_0170_G011_4.png,D1BN,11.5,170,G,5664,7584,0.3427419354838709,-1
D1BN_TM11.5_0171_L012_4.png,D1BN,11.5,171,L,5808,7680,0.3440643863179074,-1
D1BN_TM11.5_0183_G014_5.png,D1BN,11.5,183,G,5760,8400,0.3689516129032258,-1
D1BN_TM11.5_0211_L012_8.png,D1BN,11.5,211,L,6096,8448,0.4245472837022133,-1
D1BN_TM11.5_0276_G027_4.png,D1BN,11.5,276,G,6384,9168,0.5564516129032258,-1
D1BN_TM11.5_0277_L028_4.png,D1BN,11.5,277,L,6480,9216,0.5573440643863179,-1
D1BN_TM11.5_0316_G027_8.png,D1BN,11.5,316,G,6624,8544,0.6370967741935484,-1
D1BN_TM11.5_0343_G034_1.png,D1BN,11.5,343,G,6800,8304,0.6915322580645161,-1
D1BN_TM11.5_0384_L035_5.png,D1BN,11.5,384,L,6576,7776,0.772635814889336,-1
D1BN_TM11.5_0476_G047_4.png,D1BN,11.5,476,G,6256,5040,0.9596774193548387,-1
D1BN_TM11.5_0491_L042_6.png,D1BN,11.5,491,L,5456,3920,0.9879275653923542,-1
D1BN_TM12.5_0023_G004_3.png,D1BN,12.5,23,G,2960,4032,0.0437262357414448,-1
D1BN_TM12.5_0103_G004_11.png,D1BN,12.5,103,G,4560,6000,0.1958174904942966,-1
D1BN_TM12.5_0130_G011_2.png,D1BN,12.5,130,G,4944,6576,0.247148288973384,-1
D1BN_TM12.5_0131_L012_2.png,D1BN,12.5,131,L,4752,7056,0.2485768500948766,-1
D1BN_TM12.5_0143_G014_3.png,D1BN,12.5,143,G,5568,7296,0.2718631178707224,-1
D1BN_TM12.5_0157_L018_4.png,D1BN,12.5,157,L,5952,7488,0.2979127134724857,-1
D1BN_TM12.5_0197_L018_8.png,D1BN,12.5,197,L,6336,8496,0.3738140417457306,-1
D1BN_TM12.5_0210_G011_10.png,D1BN,12.5,210,G,6048,9120,0.3992395437262357,-1
D1BN_TM12.5_0251_L022_4.png,D1BN,12.5,251,L,7392,9456,0.476280834914611,-1
D1BN_TM12.5_0263_G024_5.png,D1BN,12.5,263,G,7472,9648,0.5,-1
D1BN_TM12.5_0264_L025_5.png,D1BN,12.5,264,L,7248,9696,0.5009487666034156,-1
D1BN_TM12.5_0277_L028_6.png,D1BN,12.5,277,L,7152,10176,0.5256166982922201,-1
D1BN_TM12.5_0303_G024_9.png,D1BN,12.5,303,G,7728,9696,0.5760456273764258,-1
D1BN_TM12.5_0330_G031_2.png,D1BN,12.5,330,G,7584,9200,0.6273764258555133,-1
D1BN_TM12.5_0371_L032_6.png,D1BN,12.5,371,L,7296,8928,0.7039848197343453,-1
D1BN_TM12.5_0397_L038_8.png,D1BN,12.5,397,L,7568,8224,0.7533206831119544,-1
D1BN_TM12.5_0410_G031_10.png,D1BN,12.5,410,G,6704,7744,0.779467680608365,-1
D1BN_TM12.5_0424_L045_1.png,D1BN,12.5,424,L,6896,7968,0.8045540796963947,-1
D1BN_TM12.5_0476_G047_6.png,D1BN,12.5,476,G,5728,6416,0.9049429657794676,-1
D1BN_TM12.5_0504_L045_9.png,D1BN,12.5,504,L,5680,5296,0.9563567362428842,-1
D1BN_TM13.5_0010_L001_2.png,D1BN,13.5,10,L,2848,3392,0.0201612903225806,-1
D1BN_TM13.5_0023_L004_3.png,D1BN,13.5,23,L,3488,4128,0.0463709677419354,-1
D1BN_TM13.5_0064_G005_7.png,D1BN,13.5,64,G,3648,4560,0.1287726358148893,-1
D1BN_TM13.5_0076_L007_8.png,D1BN,13.5,76,L,3920,4928,0.1532258064516129,-1
D1BN_TM13.5_0077_G008_8.png,D1BN,13.5,77,G,3440,4496,0.1549295774647887,-1
D1BN_TM13.5_0171_G012_4.png,D1BN,13.5,171,G,5688,7488,0.3440643863179074,-1
D1BN_TM13.5_0237_G018_10.png,D1BN,13.5,237,G,7008,9632,0.4768611670020121,-1
D1BN_TM13.5_0250_L021_2.png,D1BN,13.5,250,L,7264,8608,0.5040322580645161,-1
D1BN_TM13.5_0251_G022_2.png,D1BN,13.5,251,G,7200,8928,0.5050301810865191,-1
D1BN_TM13.5_0264_G025_3.png,D1BN,13.5,264,G,6528,9088,0.5311871227364185,-1
D1BN_TM13.5_0290_L021_6.png,D1BN,13.5,290,L,7072,9824,0.5846774193548387,-1
D1BN_TM13.5_0291_G022_6.png,D1BN,13.5,291,G,6944,8992,0.5855130784708249,-1
D1BN_TM13.5_0317_G028_8.png,D1BN,13.5,317,G,6944,9216,0.6378269617706237,-1
D1BN_TM13.5_0371_G032_4.png,D1BN,13.5,371,G,7104,8064,0.7464788732394366,-1
D1BN_TM13.5_0396_L037_6.png,D1BN,13.5,396,L,6576,7376,0.7983870967741935,-1
D1BN_TM13.5_0410_L031_8.png,D1BN,13.5,410,L,6160,6688,0.8266129032258065,-1
D1BN_TM13.5_0411_G032_8.png,D1BN,13.5,411,G,6256,6896,0.8269617706237424,-1
D1BN_TM13.5_0463_L044_3.png,D1BN,13.5,463,L,6528,6528,0.933467741935484,-1
D1BN_TM13.5_0476_L047_4.png,D1BN,13.5,476,L,6944,5568,0.9596774193548387,-1
D1BN_TM13.5_0490_L041_6.png,D1BN,13.5,490,L,6528,4816,0.9879032258064516,-1
D1BN_TM14.5_0010_G001_2.png,D1BN,14.5,10,G,2688,3600,0.0201612903225806,-1
D1BN_TM14.5_0038_L009_4.png,D1BN,14.5,38,L,3328,4240,0.0767676767676767,-1
D1BN_TM14.5_0090_G001_10.png,D1BN,14.5,90,G,4080,4976,0.1814516129032258,-1
D1BN_TM14.5_0092_L003_10.png,D1BN,14.5,92,L,4336,4656,0.1858585858585858,-1
D1BN_TM14.5_0103_G004_11.png,D1BN,14.5,103,G,4656,5456,0.2076612903225806,-1
D1BN_TM14.5_0105_L006_11.png,D1BN,14.5,105,L,4240,5200,0.2121212121212121,-1
D1BN_TM14.5_0116_G007_12.png,D1BN,14.5,116,G,4816,5840,0.2338709677419354,-1
D1BN_TM14.5_0158_L019_4.png,D1BN,14.5,158,L,5592,7392,0.3191919191919192,-1
D1BN_TM14.5_0198_L019_8.png,D1BN,14.5,198,L,6312,8568,0.4,-1
D1BN_TM14.5_0223_G024_1.png,D1BN,14.5,223,G,6688,8816,0.4495967741935484,-1
D1BN_TM14.5_0236_G027_2.png,D1BN,14.5,236,G,6752,9040,0.4758064516129032,-1
D1BN_TM14.5_0238_L029_2.png,D1BN,14.5,238,L,6592,9376,0.4808080808080808,-1
D1BN_TM14.5_0250_G021_4.png,D1BN,14.5,250,G,6800,9152,0.5040322580645161,-1
D1BN_TM14.5_0265_L026_5.png,D1BN,14.5,265,L,6624,8992,0.5353535353535354,-1
D1BN_TM14.5_0290_G021_8.png,D1BN,14.5,290,G,7184,9088,0.5846774193548387,-1
D1BN_TM14.5_0292_L023_8.png,D1BN,14.5,292,L,7520,9120,0.5898989898989899,-1
D1BN_TM14.5_0358_L039_4.png,D1BN,14.5,358,L,7024,8320,0.7232323232323232,-1
D1BN_TM14.5_0385_L036_7.png,D1BN,14.5,385,L,7104,9120,0.7777777777777778,-1
D1BN_TM14.5_0410_G031_10.png,D1BN,14.5,410,G,7328,7104,0.8266129032258065,-1
D1BN_TM14.5_0436_G047_2.png,D1BN,14.5,436,G,6416,6576,0.8790322580645161,-1
D1BN_TM15.5_0010_L001_2.png,D1BN,15.5,10,L,2752,3168,0.0205761316872428,-1
D1BN_TM15.5_0011_G002_2.png,D1BN,15.5,11,G,2688,3600,0.0225872689938398,-1
D1BN_TM15.5_0023_L004_3.png,D1BN,15.5,23,L,3072,3760,0.0473251028806584,-1
D1BN_TM15.5_0024_G005_3.png,D1BN,15.5,24,G,3072,3872,0.0492813141683778,-1
D1BN_TM15.5_0050_L001_6.png,D1BN,15.5,50,L,3872,4496,0.102880658436214,-1
D1BN_TM15.5_0063_L004_7.png,D1BN,15.5,63,L,4032,4560,0.1296296296296296,-1
D1BN_TM15.5_0064_G005_7.png,D1BN,15.5,64,G,3872,4608,0.1314168377823408,-1
D1BN_TM15.5_0090_L001_10.png,D1BN,15.5,90,L,4080,4656,0.1851851851851851,-1
D1BN_TM15.5_0091_G002_10.png,D1BN,15.5,91,G,4176,4656,0.1868583162217659,-1
D1BN_TM15.5_0116_L007_12.png,D1BN,15.5,116,L,5088,5520,0.2386831275720164,-1
D1BN_TM15.5_0130_L001_14.png,D1BN,15.5,130,L,5296,6416,0.2674897119341564,-1
D1BN_TM15.5_0157_G018_2.png,D1BN,15.5,157,G,6336,7712,0.3223819301848049,-1
D1BN_TM15.5_0184_G015_5.png,D1BN,15.5,184,G,6912,8032,0.37782340862423,-1
D1BN_TM15.5_0196_L017_6.png,D1BN,15.5,196,L,6848,8256,0.4032921810699588,-1
D1BN_TM15.5_0304_G025_7.png,D1BN,15.5,304,G,7488,9824,0.6242299794661191,-1
D1BN_TM15.5_0317_G028_8.png,D1BN,15.5,317,G,7392,8960,0.6509240246406571,-1
D1BN_TM15.5_0343_L034_1.png,D1BN,15.5,343,L,7264,8576,0.7057613168724279,-1
D1BN_TM15.5_0344_G035_1.png,D1BN,15.5,344,G,7456,8960,0.7063655030800822,-1
D1BN_TM15.5_0396_L037_6.png,D1BN,15.5,396,L,7328,7584,0.8148148148148148,-1
D1BN_TM15.5_0464_G045_3.png,D1BN,15.5,464,G,5888,5520,0.9527720739219712,-1
D1BN_TM16.5_0076_G007_8.png,D1BN,16.5,76,G,4704,6112,0.1319444444444444,-1
D1BN_TM16.5_0091_L002_10.png,D1BN,16.5,91,L,4288,5440,0.1577123050259965,-1
D1BN_TM16.5_0103_G004_11.png,D1BN,16.5,103,G,4192,4672,0.1788194444444444,-1
D1BN_TM16.5_0131_L002_14.png,D1BN,16.5,131,L,4768,6528,0.2270363951473137,-1
D1BN_TM16.5_0183_G014_5.png,D1BN,16.5,183,G,6560,8256,0.3177083333333333,-1
D1BN_TM16.5_0197_L018_6.png,D1BN,16.5,197,L,7328,8864,0.341421143847487,-1
D1BN_TM16.5_0210_G011_8.png,D1BN,16.5,210,G,6832,8576,0.3645833333333333,-1
D1BN_TM16.5_0211_L012_8.png,D1BN,16.5,211,L,7104,8864,0.365684575389948,-1
D1BN_TM16.5_0223_G014_9.png,D1BN,16.5,223,G,7056,8704,0.3871527777777778,-1
D1BN_TM16.5_0250_G021_2.png,D1BN,16.5,250,G,7584,8608,0.4340277777777778,-1
D1BN_TM16.5_0251_L022_2.png,D1BN,16.5,251,L,7840,9120,0.4350086655112651,-1
D1BN_TM16.5_0357_L038_2.png,D1BN,16.5,357,L,7584,9088,0.6187175043327556,-1
D1BN_TM16.5_0384_L035_5.png,D1BN,16.5,384,L,6976,9120,0.6655112651646448,-1
D1BN_TM16.5_0396_G037_6.png,D1BN,16.5,396,G,7264,8480,0.6875,-1
D1BN_TM16.5_0450_G041_2.png,D1BN,16.5,450,G,6880,7264,0.78125,-1
D1BN_TM16.5_0516_G047_8.png,D1BN,16.5,516,G,6720,6080,0.8958333333333334,-1
D1BN_TM16.5_0517_L048_8.png,D1BN,16.5,517,L,5760,5136,0.8960138648180243,-1
D1BN_TM16.5_0530_G041_10.png,D1BN,16.5,530,G,7264,4928,0.9201388888888888,-1
D1BN_TM16.5_0531_L042_10.png,D1BN,16.5,531,L,6592,4512,0.9202772963604852,-1
D1BN_TM16.5_0544_L045_11.png,D1BN,16.5,544,L,7024,5504,0.9428076256499134,-1
D1BN_TM17.5_0011_L002_2.png,D1BN,17.5,11,L,3024,3288,0.0197486535008976,-1
D1BN_TM17.5_0024_L005_3.png,D1BN,17.5,24,L,2448,4480,0.0430879712746858,-1
D1BN_TM17.5_0090_G001_10.png,D1BN,17.5,90,G,4152,5232,0.1618705035971223,-1
D1BN_TM17.5_0091_L002_10.png,D1BN,17.5,91,L,3912,4896,0.163375224416517,-1
D1BN_TM17.5_0117_L008_12.png,D1BN,17.5,117,L,4104,5640,0.2100538599640933,-1
D1BN_TM17.5_0144_L015_1.png,D1BN,17.5,144,L,5440,6704,0.2585278276481149,-1
D1BN_TM17.5_0156_G017_2.png,D1BN,17.5,156,G,6112,6944,0.2805755395683453,-1
D1BN_TM17.5_0183_G014_5.png,D1BN,17.5,183,G,5968,7936,0.329136690647482,-1
D1BN_TM17.5_0236_G017_10.png,D1BN,17.5,236,G,7040,8800,0.4244604316546763,-1
D1BN_TM17.5_0237_L018_10.png,D1BN,17.5,237,L,6944,8912,0.4254937163375224,-1
D1BN_TM17.5_0250_G021_2.png,D1BN,17.5,250,G,7104,9152,0.4496402877697841,-1
D1BN_TM17.5_0291_L022_6.png,D1BN,17.5,291,L,7488,9312,0.5224416517055656,-1
D1BN_TM17.5_0303_G024_7.png,D1BN,17.5,303,G,7776,9600,0.5449640287769785,-1
D1BN_TM17.5_0357_L038_2.png,D1BN,17.5,357,L,7856,9728,0.6409335727109515,-1
D1BN_TM17.5_0383_G034_5.png,D1BN,17.5,383,G,7168,9024,0.6888489208633094,-1
D1BN_TM17.5_0411_L032_8.png,D1BN,17.5,411,L,7152,8224,0.7378815080789947,-1
D1BN_TM17.5_0423_G034_9.png,D1BN,17.5,423,G,7104,7648,0.7607913669064749,-1
D1BN_TM17.5_0463_G044_3.png,D1BN,17.5,463,G,6144,7232,0.8327338129496403,-1
D1BN_TM17.5_0477_L048_4.png,D1BN,17.5,477,L,5696,6880,0.8563734290843806,-1
D1BN_TM17.5_0530_G041_10.png,D1BN,17.5,530,G,6008,4656,0.9532374100719424,-1
D1BN_TM9.5_0025_L006_3.png,D1BN,9.5,25,L,3280,4080,0.0464684014869888,-1
D1BN_TM9.5_0050_G001_6.png,D1BN,9.5,50,G,4080,4720,0.0932835820895522,-1
D1BN_TM9.5_0076_G007_8.png,D1BN,9.5,76,G,5136,5616,0.1417910447761194,-1
D1BN_TM9.5_0092_L003_10.png,D1BN,9.5,92,L,5456,6528,0.1710037174721189,-1
D1BN_TM9.5_0196_G017_8.png,D1BN,9.5,196,G,7056,9024,0.3656716417910448,-1
D1BN_TM9.5_0223_G024_1.png,D1BN,9.5,223,G,7056,9184,0.416044776119403,-1
D1BN_TM9.5_0238_L029_2.png,D1BN,9.5,238,L,7136,8880,0.4423791821561338,-1
D1BN_TM9.5_0263_G024_5.png,D1BN,9.5,263,G,6528,9168,0.4906716417910448,-1
D1BN_TM9.5_0265_L026_5.png,D1BN,9.5,265,L,6976,9232,0.4925650557620817,-1
D1BN_TM9.5_0278_L029_6.png,D1BN,9.5,278,L,6864,9264,0.516728624535316,-1
D1BN_TM9.5_0303_G024_9.png,D1BN,9.5,303,G,6672,9360,0.5652985074626866,-1
D1BN_TM9.5_0318_L029_10.png,D1BN,9.5,318,L,7072,9088,0.5910780669144982,-1
D1BN_TM9.5_0345_L036_3.png,D1BN,9.5,345,L,5632,8336,0.6412639405204461,-1
D1BN_TM9.5_0356_G037_4.png,D1BN,9.5,356,G,6064,7744,0.664179104477612,-1
D1BN_TM9.5_0370_G031_6.png,D1BN,9.5,370,G,6368,8432,0.6902985074626866,-1
D1BN_TM9.5_0412_L033_10.png,D1BN,9.5,412,L,5936,7568,0.7657992565055762,-1
D1BN_TM9.5_0490_G041_8.png,D1BN,9.5,490,G,3328,4768,0.914179104477612,-1
D1BN_TM9.5_0492_L043_8.png,D1BN,9.5,492,L,3392,4560,0.9144981412639404,-1
D1BN_TM9.5_0503_G044_9.png,D1BN,9.5,503,G,3440,4144,0.9384328358208956,-1
D1BN_TM9.5_0505_L046_9.png,D1BN,9.5,505,L,3440,4176,0.9386617100371748,-1
D1BN_woTM_0011_L002_2.png,D1BN,wo,11,L,2880,3264,0.0212765957446808,-1
D1BN_woTM_0023_G004_3.png,D1BN,wo,23,G,3136,4352,0.0445736434108527,-1
D1BN_woTM_0050_G001_6.png,D1BN,wo,50,G,3936,4992,0.0968992248062015,-1
D1BN_woTM_0051_L002_6.png,D1BN,wo,51,L,4200,5088,0.0986460348162475,-1
D1BN_woTM_0064_L005_7.png,D1BN,wo,64,L,4704,5760,0.1237911025145067,-1
D1BN_woTM_0077_L008_8.png,D1BN,wo,77,L,4992,5728,0.1489361702127659,-1
D1BN_woTM_0090_G001_10.png,D1BN,wo,90,G,3808,5024,0.1744186046511628,-1
D1BN_woTM_0103_G004_11.png,D1BN,wo,103,G,3744,5568,0.1996124031007752,-1
D1BN_woTM_0104_L005_11.png,D1BN,wo,104,L,4176,5632,0.2011605415860735,-1
D1BN_woTM_0196_G017_6.png,D1BN,wo,196,G,6624,8032,0.3798449612403101,-1
D1BN_woTM_0210_G011_8.png,D1BN,wo,210,G,6656,8224,0.4069767441860465,-1
D1BN_woTM_0211_L012_8.png,D1BN,wo,211,L,7328,9376,0.4081237911025145,-1
D1BN_woTM_0236_G017_10.png,D1BN,wo,236,G,7744,9024,0.4573643410852713,-1
D1BN_woTM_0237_L018_10.png,D1BN,wo,237,L,7648,8736,0.4584139264990329,-1
D1BN_woTM_0250_G011_12.png,D1BN,wo,250,G,7280,8832,0.4844961240310077,-1
D1BN_woTM_0276_G027_2.png,D1BN,wo,276,G,7072,9120,0.5348837209302325,-1
D1BN_woTM_0304_L025_5.png,D1BN,wo,304,L,7424,9984,0.5880077369439072,-1
D1BN_woTM_0397_L038_4.png,D1BN,wo,397,L,7872,8960,0.7678916827852998,-1
D1BN_woTM_0410_G031_6.png,D1BN,wo,410,G,7584,9056,0.7945736434108527,-1
D1BN_woTM_0411_L032_6.png,D1BN,wo,411,L,7776,8704,0.7949709864603481,-1
D4AN_TM10.5_0025_L006_3.png,D4AN,10.5,25,L,3120,5088,0.0469924812030075,-1
D4AN_TM10.5_0050_G001_6.png,D4AN,10.5,50,G,3488,4536,0.0938086303939962,-1
D4AN_TM10.5_0076_G007_8.png,D4AN,10.5,76,G,4624,5408,0.1425891181988743,-1
D4AN_TM10.5_0105_L006_11.png,D4AN,10.5,105,L,4576,5632,0.1973684210526315,-1
D4AN_TM10.5_0116_G007_12.png,D4AN,10.5,116,G,5184,6688,0.2176360225140713,-1
D4AN_TM10.5_0172_L013_4.png,D4AN,10.5,172,L,6036,7036,0.3233082706766917,-1
D4AN_TM10.5_0186_G017_5.png,D4AN,10.5,186,G,6792,8568,0.348968105065666,-1
D4AN_TM10.5_0206_G017_7.png,D4AN,10.5,206,G,7416,8208,0.3864915572232645,-1
D4AN_TM10.5_0212_L013_8.png,D4AN,10.5,212,L,8208,7776,0.3984962406015037,-1
D4AN_TM10.5_0268_L029_3.png,D4AN,10.5,268,L,6720,8944,0.5037593984962406,-1
D4AN_TM10.5_0296_G027_6.png,D4AN,10.5,296,G,7024,9264,0.5553470919324578,-1
D4AN_TM10.5_0302_L023_7.png,D4AN,10.5,302,L,7452,8948,0.5676691729323309,-1
D4AN_TM10.5_0355_L036_2.png,D4AN,10.5,355,L,6624,9104,0.6672932330827067,-1
D4AN_TM10.5_0363_G034_3.png,D4AN,10.5,363,G,5880,8280,0.6810506566604128,-1
D4AN_TM10.5_0402_L033_7.png,D4AN,10.5,402,L,6708,7636,0.7556390977443609,-1
D4AN_TM10.5_0456_G047_2.png,D4AN,10.5,456,G,5152,6112,0.8555347091932458,-1
D4AN_TM10.5_0468_L049_3.png,D4AN,10.5,468,L,6540,5852,0.8796992481203008,-1
D4AN_TM10.5_0470_G041_4.png,D4AN,10.5,470,G,7072,6192,0.8818011257035647,-1
D4AN_TM10.5_0483_G044_5.png,D4AN,10.5,483,G,7056,6336,0.9061913696060038,-1
D4AN_TM10.5_0522_L043_9.png,D4AN,10.5,522,L,2928,3600,0.981203007518797,-1
D4AN_TM11.5_0076_G007_8.png,D4AN,11.5,76,G,5600,5600,0.1444866920152091,-1
D4AN_TM11.5_0077_L008_8.png,D4AN,11.5,77,L,4648,5400,0.1461100569259962,-1
D4AN_TM11.5_0104_L005_11.png,D4AN,11.5,104,L,4496,5792,0.1973434535104364,-1
D4AN_TM11.5_0143_G014_1.png,D4AN,11.5,143,G,6368,7136,0.2718631178707224,-1
D4AN_TM11.5_0156_G017_2.png,D4AN,11.5,156,G,5984,7552,0.2965779467680608,-1
D4AN_TM11.5_0170_G011_4.png,D4AN,11.5,170,G,7040,8096,0.3231939163498099,-1
D4AN_TM11.5_0183_G014_5.png,D4AN,11.5,183,G,6912,7648,0.3479087452471482,-1
D4AN_TM11.5_0223_G014_9.png,D4AN,11.5,223,G,7584,8576,0.4239543726235741,-1
D4AN_TM11.5_0250_G021_2.png,D4AN,11.5,250,G,7936,8864,0.4752851711026616,-1
D4AN_TM11.5_0264_L025_3.png,D4AN,11.5,264,L,7536,8608,0.5009487666034156,-1
D4AN_TM11.5_0304_L025_7.png,D4AN,11.5,304,L,7624,9432,0.5768500948766604,-1
D4AN_TM11.5_0330_G021_10.png,D4AN,11.5,330,G,7440,8880,0.6273764258555133,-1
D4AN_TM11.5_0331_L022_10.png,D4AN,11.5,331,L,7512,9072,0.6280834914611005,-1
D4AN_TM11.5_0371_L032_4.png,D4AN,11.5,371,L,6528,8576,0.7039848197343453,-1
D4AN_TM11.5_0423_G034_9.png,D4AN,11.5,423,G,6560,7520,0.8041825095057035,-1
D4AN_TM11.5_0424_L035_9.png,D4AN,11.5,424,L,5952,6736,0.8045540796963947,-1
D4AN_TM11.5_0437_L038_10.png,D4AN,11.5,437,L,6552,6808,0.8292220113851992,-1
D4AN_TM11.5_0464_L045_3.png,D4AN,11.5,464,L,5504,5808,0.8804554079696395,-1
D4AN_TM11.5_0491_L042_6.png,D4AN,11.5,491,L,7236,4440,0.9316888045540797,-1
D4AN_TM11.5_0516_G047_8.png,D4AN,11.5,516,G,6368,3816,0.9809885931558936,-1
D4AN_TM12.5_0015_L006_2.png,D4AN,12.5,15,L,3120,3552,0.0289575289575289,-1
D4AN_TM12.5_0031_L002_4.png,D4AN,12.5,31,L,2368,3728,0.0598455598455598,-1
D4AN_TM12.5_0058_L009_6.png,D4AN,12.5,58,L,4448,5440,0.1119691119691119,-1
D4AN_TM12.5_0063_G004_7.png,D4AN,12.5,63,G,4288,5472,0.1220930232558139,-1
D4AN_TM12.5_0098_L009_10.png,D4AN,12.5,98,L,4672,6016,0.1891891891891892,-1
D4AN_TM12.5_0116_G007_12.png,D4AN,12.5,116,G,5280,6816,0.2248062015503876,-1
D4AN_TM12.5_0191_L012_6.png,D4AN,12.5,191,L,6144,8672,0.3687258687258687,-1
D4AN_TM12.5_0210_G011_8.png,D4AN,12.5,210,G,7136,9312,0.4069767441860465,-1
D4AN_TM12.5_0226_G017_9.png,D4AN,12.5,226,G,6928,8592,0.437984496124031,-1
D4AN_TM12.5_0231_L012_10.png,D4AN,12.5,231,L,6976,8544,0.4459459459459459,-1
D4AN_TM12.5_0276_G027_4.png,D4AN,12.5,276,G,8352,9648,0.5348837209302325,-1
D4AN_TM12.5_0290_G021_6.png,D4AN,12.5,290,G,7760,9840,0.562015503875969,-1
D4AN_TM12.5_0330_G021_10.png,D4AN,12.5,330,G,7376,9232,0.6395348837209303,-1
D4AN_TM12.5_0351_L032_2.png,D4AN,12.5,351,L,6736,8424,0.6776061776061776,-1
D4AN_TM12.5_0356_G037_2.png,D4AN,12.5,356,G,7184,8544,0.689922480620155,-1
D4AN_TM12.5_0370_G031_4.png,D4AN,12.5,370,G,6528,8592,0.7170542635658915,-1
D4AN_TM12.5_0458_L049_2.png,D4AN,12.5,458,L,5088,5760,0.8841698841698842,-1
D4AN_TM12.5_0471_L042_4.png,D4AN,12.5,471,L,6432,5536,0.9092664092664092,-1
D4AN_TM12.5_0476_G047_4.png,D4AN,12.5,476,G,6552,5280,0.9224806201550388,-1
D4AN_TM12.5_0485_L046_5.png,D4AN,12.5,485,L,5936,5136,0.9362934362934364,-1
D4AN_TM13.5_0024_L005_3.png,D4AN,13.5,24,L,2992,4320,0.0415944540727903,-1
D4AN_TM13.5_0036_G007_4.png,D4AN,13.5,36,G,2528,3888,0.0625,-1
D4AN_TM13.5_0063_G004_7.png,D4AN,13.5,63,G,3152,4512,0.109375,-1
D4AN_TM13.5_0064_L005_7.png,D4AN,13.5,64,L,4352,6144,0.1109185441941074,-1
D4AN_TM13.5_0116_G007_12.png,D4AN,13.5,116,G,4464,5440,0.2013888888888889,-1
D4AN_TM13.5_0130_G001_14.png,D4AN,13.5,130,G,4560,6128,0.2256944444444444,-1
D4AN_TM13.5_0131_L002_14.png,D4AN,13.5,131,L,4752,6240,0.2270363951473137,-1
D4AN_TM13.5_0183_G014_5.png,D4AN,13.5,183,G,6064,7936,0.3177083333333333,-1
D4AN_TM13.5_0211_L012_8.png,D4AN,13.5,211,L,6624,8960,0.365684575389948,-1
D4AN_TM13.5_0250_G021_2.png,D4AN,13.5,250,G,7744,8736,0.4340277777777778,-1
D4AN_TM13.5_0264_L025_3.png,D4AN,13.5,264,L,7584,9248,0.4575389948006932,-1
D4AN_TM13.5_0277_L028_4.png,D4AN,13.5,277,L,7904,9536,0.4800693240901213,-1
D4AN_TM13.5_0316_G027_8.png,D4AN,13.5,316,G,8800,10016,0.5486111111111112,-1
D4AN_TM13.5_0371_L032_4.png,D4AN,13.5,371,L,7728,10352,0.6429809358752167,-1
D4AN_TM13.5_0383_G034_5.png,D4AN,13.5,383,G,7648,10496,0.6649305555555556,-1
D4AN_TM13.5_0410_G031_8.png,D4AN,13.5,410,G,7872,9312,0.7118055555555556,-1
D4AN_TM13.5_0424_L035_9.png,D4AN,13.5,424,L,6912,9264,0.7348353552859619,-1
D4AN_TM13.5_0463_G044_3.png,D4AN,13.5,463,G,6704,8992,0.8038194444444444,-1
D4AN_TM13.5_0504_L045_7.png,D4AN,13.5,504,L,6624,7872,0.8734835355285961,-1
D4AN_TM13.5_0517_L048_8.png,D4AN,13.5,517,L,6656,7104,0.8960138648180243,-1
D4AN_TM14.5_0036_G007_4.png,D4AN,14.5,36,G,2752,3440,0.0697674418604651,-1
D4AN_TM14.5_0076_G007_8.png,D4AN,14.5,76,G,3648,4400,0.1472868217054263,-1
D4AN_TM14.5_0103_G004_11.png,D4AN,14.5,103,G,3968,4928,0.1996124031007752,-1
D4AN_TM14.5_0172_L013_4.png,D4AN,14.5,172,L,5832,7512,0.332046332046332,-1
D4AN_TM14.5_0185_L016_5.png,D4AN,14.5,185,L,5776,7696,0.3571428571428571,-1
D4AN_TM14.5_0210_G011_8.png,D4AN,14.5,210,G,5976,8352,0.4069767441860465,-1
D4AN_TM14.5_0250_G021_2.png,D4AN,14.5,250,G,7296,9040,0.4844961240310077,-1
D4AN_TM14.5_0276_G027_4.png,D4AN,14.5,276,G,7504,9088,0.5348837209302325,-1
D4AN_TM14.5_0278_L029_4.png,D4AN,14.5,278,L,7232,8992,0.5366795366795367,-1
D4AN_TM14.5_0290_G021_6.png,D4AN,14.5,290,G,7680,9312,0.562015503875969,-1
D4AN_TM14.5_0292_L023_6.png,D4AN,14.5,292,L,6976,8832,0.5637065637065637,-1
D4AN_TM14.5_0303_G024_7.png,D4AN,14.5,303,G,7136,9088,0.5872093023255814,-1
D4AN_TM14.5_0305_L026_7.png,D4AN,14.5,305,L,7408,9088,0.5888030888030888,-1
D4AN_TM14.5_0316_G027_8.png,D4AN,14.5,316,G,7072,8992,0.6124031007751938,-1
D4AN_TM14.5_0318_L029_8.png,D4AN,14.5,318,L,7072,8784,0.6138996138996139,-1
D4AN_TM14.5_0396_G037_6.png,D4AN,14.5,396,G,6640,8000,0.7674418604651163,-1
D4AN_TM14.5_0412_L033_8.png,D4AN,14.5,412,L,6032,8160,0.7953667953667953,-1
D4AN_TM14.5_0425_L036_9.png,D4AN,14.5,425,L,6352,7376,0.8204633204633205,-1
D4AN_TM14.5_0465_L046_3.png,D4AN,14.5,465,L,5728,6464,0.8976833976833977,-1
D4AN_TM14.5_0478_L049_4.png,D4AN,14.5,478,L,6096,5776,0.9227799227799228,-1
D4AN_TM15.5_0036_G007_4.png,D4AN,15.5,36,G,3616,4864,0.0756302521008403,-1
D4AN_TM15.5_0051_L002_6.png,D4AN,15.5,51,L,3704,4584,0.1069182389937107,-1
D4AN_TM15.5_0091_L002_10.png,D4AN,15.5,91,L,3992,5160,0.190775681341719,-1
D4AN_TM15.5_0104_L005_11.png,D4AN,15.5,104,L,4432,6048,0.2180293501048218,-1
D4AN_TM15.5_0116_G007_12.png,D4AN,15.5,116,G,5408,5952,0.2436974789915966,-1
D4AN_TM15.5_0130_G001_14.png,D4AN,15.5,130,G,4560,6064,0.2731092436974789,-1
D4AN_TM15.5_0157_L008_16.png,D4AN,15.5,157,L,5392,7056,0.3291404612159329,-1
D4AN_TM15.5_0170_G011_2.png,D4AN,15.5,170,G,6112,7168,0.3571428571428571,-1
D4AN_TM15.5_0171_L012_2.png,D4AN,15.5,171,L,5760,7072,0.3584905660377358,-1
D4AN_TM15.5_0196_G017_4.png,D4AN,15.5,196,G,6400,7872,0.4117647058823529,-1
D4AN_TM15.5_0197_L018_4.png,D4AN,15.5,197,L,6400,8288,0.4129979035639413,-1
D4AN_TM15.5_0223_G014_7.png,D4AN,15.5,223,G,6848,8448,0.4684873949579832,-1
D4AN_TM15.5_0224_L015_7.png,D4AN,15.5,224,L,6624,9024,0.469601677148847,-1
D4AN_TM15.5_0291_L022_2.png,D4AN,15.5,291,L,6816,8480,0.610062893081761,-1
D4AN_TM15.5_0330_G021_6.png,D4AN,15.5,330,G,5632,7488,0.6932773109243697,-1
D4AN_TM15.5_0331_L022_6.png,D4AN,15.5,331,L,6336,7520,0.6939203354297694,-1
D4AN_TM15.5_0344_L025_7.png,D4AN,15.5,344,L,5632,7360,0.7211740041928721,-1
D4AN_TM15.5_0356_G027_8.png,D4AN,15.5,356,G,6624,7520,0.7478991596638656,-1
D4AN_TM15.5_0370_G021_10.png,D4AN,15.5,370,G,6240,7648,0.7773109243697479,-1
D4AN_TM15.5_0463_G034_7.png,D4AN,15.5,463,G,6288,3936,0.972689075630252,-1
D4AN_TM16.5_0010_G001_2.png,D4AN,16.5,10,G,1744,2784,0.0186567164179104,-1
D4AN_TM16.5_0023_G004_3.png,D4AN,16.5,23,G,3312,4576,0.042910447761194,-1
D4AN_TM16.5_0036_G007_4.png,D4AN,16.5,36,G,2576,3888,0.0671641791044776,-1
D4AN_TM16.5_0064_L005_7.png,D4AN,16.5,64,L,4128,5440,0.1191806331471136,-1
D4AN_TM16.5_0076_G007_8.png,D4AN,16.5,76,G,3312,4560,0.1417910447761194,-1
D4AN_TM16.5_0090_G001_10.png,D4AN,16.5,90,G,3728,4352,0.167910447761194,-1
D4AN_TM16.5_0091_L002_10.png,D4AN,16.5,91,L,3888,4256,0.1694599627560521,-1
D4AN_TM16.5_0131_L002_14.png,D4AN,16.5,131,L,4768,6480,0.2439478584729981,-1
D4AN_TM16.5_0171_L012_4.png,D4AN,16.5,171,L,6896,8352,0.3184357541899441,-1
D4AN_TM16.5_0197_L018_6.png,D4AN,16.5,197,L,6480,8448,0.366852886405959,-1
D4AN_TM16.5_0250_G021_2.png,D4AN,16.5,250,G,7328,9088,0.4664179104477612,-1
D4AN_TM16.5_0303_G024_7.png,D4AN,16.5,303,G,7776,9952,0.5652985074626866,-1
D4AN_TM16.5_0304_L025_7.png,D4AN,16.5,304,L,8032,9696,0.5661080074487895,-1
D4AN_TM16.5_0330_G021_10.png,D4AN,16.5,330,G,7968,9600,0.6156716417910447,-1
D4AN_TM16.5_0411_L032_8.png,D4AN,16.5,411,L,6848,7968,0.7653631284916201,-1
D4AN_TM16.5_0451_L042_2.png,D4AN,16.5,451,L,6504,6504,0.839851024208566,-1
D4AN_TM16.5_0463_G044_3.png,D4AN,16.5,463,G,6408,7200,0.8638059701492538,-1
D4AN_TM16.5_0464_L045_3.png,D4AN,16.5,464,L,6928,7488,0.8640595903165735,-1
D4AN_TM16.5_0490_G041_6.png,D4AN,16.5,490,G,7624,5952,0.914179104477612,-1
D4AN_TM16.5_0517_L048_8.png,D4AN,16.5,517,L,6600,6168,0.962756052141527,-1
D4AN_TM17.5_0012_L003_2.png,D4AN,17.5,12,L,2576,3248,0.0240963855421686,-1
D4AN_TM17.5_0036_G007_4.png,D4AN,17.5,36,G,3648,4288,0.0725806451612903,-1
D4AN_TM17.5_0050_G001_6.png,D4AN,17.5,50,G,3440,4176,0.1008064516129032,-1
D4AN_TM17.5_0063_G004_7.png,D4AN,17.5,63,G,3872,4608,0.127016129032258,-1
D4AN_TM17.5_0092_L003_10.png,D4AN,17.5,92,L,4688,5216,0.1847389558232931,-1
D4AN_TM17.5_0145_L016_1.png,D4AN,17.5,145,L,5928,7120,0.2911646586345381,-1
D4AN_TM17.5_0156_G017_2.png,D4AN,17.5,156,G,6144,7704,0.314516129032258,-1
D4AN_TM17.5_0196_G017_6.png,D4AN,17.5,196,G,7248,8400,0.3951612903225806,-1
D4AN_TM17.5_0198_L019_6.png,D4AN,17.5,198,L,6192,8256,0.3975903614457831,-1
D4AN_TM17.5_0210_G011_8.png,D4AN,17.5,210,G,6816,8328,0.4233870967741935,-1
D4AN_TM17.5_0212_L013_8.png,D4AN,17.5,212,L,7216,8192,0.4257028112449799,-1
D4AN_TM17.5_0225_L016_9.png,D4AN,17.5,225,L,7224,8424,0.4518072289156626,-1
D4AN_TM17.5_0238_L019_10.png,D4AN,17.5,238,L,7248,8816,0.4779116465863454,-1
D4AN_TM17.5_0290_G021_6.png,D4AN,17.5,290,G,7072,8928,0.5846774193548387,-1
D4AN_TM17.5_0358_L039_2.png,D4AN,17.5,358,L,6072,7296,0.7188755020080321,-1
D4AN_TM17.5_0396_G037_6.png,D4AN,17.5,396,G,6240,6576,0.7983870967741935,-1
D4AN_TM17.5_0436_G037_10.png,D4AN,17.5,436,G,5496,5672,0.8790322580645161,-1
D4AN_TM17.5_0438_L039_10.png,D4AN,17.5,438,L,5640,5464,0.8795180722891566,-1
D4AN_TM17.5_0476_G047_4.png,D4AN,17.5,476,G,4448,4288,0.9596774193548387,-1
D4AN_TM17.5_0478_L049_4.png,D4AN,17.5,478,L,4112,4080,0.9598393574297188,-1
D4AN_TM8.5_0023_G004_3.png,D4AN,8.5,23,G,3528,4176,0.0399305555555555,-1
D4AN_TM8.5_0037_L008_4.png,D4AN,8.5,37,L,3024,4344,0.0641247833622183,-1
D4AN_TM8.5_0116_G007_12.png,D4AN,8.5,116,G,4680,6024,0.2013888888888889,-1
D4AN_TM8.5_0117_L008_12.png,D4AN,8.5,117,L,4744,6336,0.2027729636048527,-1
D4AN_TM8.5_0131_L002_14.png,D4AN,8.5,131,L,4392,6216,0.2270363951473137,-1
D4AN_TM8.5_0157_L018_2.png,D4AN,8.5,157,L,5824,7104,0.2720970537261698,-1
D4AN_TM8.5_0223_G014_9.png,D4AN,8.5,223,G,6768,8208,0.3871527777777778,-1
D4AN_TM8.5_0251_L022_2.png,D4AN,8.5,251,L,7488,8736,0.4350086655112651,-1
D4AN_TM8.5_0330_G021_10.png,D4AN,8.5,330,G,7712,9664,0.5729166666666666,-1
D4AN_TM8.5_0334_L025_10.png,D4AN,8.5,334,L,7808,9408,0.5788561525129983,-1
D4AN_TM8.5_0356_G037_2.png,D4AN,8.5,356,G,7168,9312,0.6180555555555556,-1
D4AN_TM8.5_0396_G037_6.png,D4AN,8.5,396,G,6624,8320,0.6875,-1
D4AN_TM8.5_0397_L038_6.png,D4AN,8.5,397,L,6896,8256,0.6880415944540728,-1
D4AN_TM8.5_0436_G037_10.png,D4AN,8.5,436,G,6752,6976,0.7569444444444444,-1
D4AN_TM8.5_0450_G041_2.png,D4AN,8.5,450,G,6528,6624,0.78125,-1
D4AN_TM8.5_0463_G044_3.png,D4AN,8.5,463,G,6592,7200,0.8038194444444444,-1
D4AN_TM8.5_0491_L042_6.png,D4AN,8.5,491,L,6336,6288,0.8509532062391681,-1
D4AN_TM8.5_0504_L045_7.png,D4AN,8.5,504,L,5696,6024,0.8734835355285961,-1
D4AN_TM8.5_0516_G047_8.png,D4AN,8.5,516,G,6864,5600,0.8958333333333334,-1
D4AN_TM8.5_0557_L048_12.png,D4AN,8.5,557,L,3664,3136,0.9653379549393414,-1
D4AN_TM9.5_0023_G004_3.png,D4AN,9.5,23,G,3488,4608,0.0421245421245421,-1
D4AN_TM9.5_0036_G007_4.png,D4AN,9.5,36,G,3616,4544,0.0659340659340659,-1
D4AN_TM9.5_0050_G001_6.png,D4AN,9.5,50,G,4608,5088,0.0915750915750915,-1
D4AN_TM9.5_0052_L003_6.png,D4AN,9.5,52,L,4032,5056,0.0948905109489051,-1
D4AN_TM9.5_0065_L006_7.png,D4AN,9.5,65,L,3392,4336,0.1186131386861313,-1
D4AN_TM9.5_0076_G007_8.png,D4AN,9.5,76,G,4608,5312,0.1391941391941392,-1
D4AN_TM9.5_0092_L003_10.png,D4AN,9.5,92,L,5136,5536,0.1678832116788321,-1
D4AN_TM9.5_0105_L006_11.png,D4AN,9.5,105,L,4592,5056,0.1916058394160583,-1
D4AN_TM9.5_0118_L009_12.png,D4AN,9.5,118,L,4336,5472,0.2153284671532846,-1
D4AN_TM9.5_0170_G011_2.png,D4AN,9.5,170,G,6304,7776,0.3113553113553113,-1
D4AN_TM9.5_0183_G014_3.png,D4AN,9.5,183,G,5824,7648,0.3351648351648351,-1
D4AN_TM9.5_0185_L016_3.png,D4AN,9.5,185,L,5568,7936,0.3375912408759124,-1
D4AN_TM9.5_0276_G027_2.png,D4AN,9.5,276,G,8064,9536,0.5054945054945055,-1
D4AN_TM9.5_0278_L029_2.png,D4AN,9.5,278,L,7184,9472,0.5072992700729927,-1
D4AN_TM9.5_0290_G021_4.png,D4AN,9.5,290,G,7408,9360,0.5311355311355311,-1
D4AN_TM9.5_0292_L023_4.png,D4AN,9.5,292,L,7344,9424,0.5328467153284672,-1
D4AN_TM9.5_0330_G021_8.png,D4AN,9.5,330,G,7408,9536,0.6043956043956044,-1
D4AN_TM9.5_0410_G031_6.png,D4AN,9.5,410,G,5880,7872,0.7509157509157509,-1
D4AN_TM9.5_0452_L033_10.png,D4AN,9.5,452,L,5504,8000,0.8248175182481752,-1
D4AN_TM9.5_0478_L049_2.png,D4AN,9.5,478,L,6984,6320,0.8722627737226277,-1
D4AN_woTM_0010_G001_2.png,D4AN,wo,10,G,2016,3200,0.0173611111111111,-1
D4AN_woTM_0024_L005_3.png,D4AN,wo,24,L,3432,4608,0.0418118466898954,-1
D4AN_woTM_0076_G007_8.png,D4AN,wo,76,G,4656,5216,0.1319444444444444,-1
D4AN_woTM_0104_L005_11.png,D4AN,wo,104,L,4640,6144,0.181184668989547,-1
D4AN_woTM_0143_G014_1.png,D4AN,wo,143,G,5048,7048,0.2482638888888889,-1
D4AN_woTM_0197_L018_6.png,D4AN,wo,197,L,6216,8520,0.343205574912892,-1
D4AN_woTM_0210_G011_8.png,D4AN,wo,210,G,6752,8800,0.3645833333333333,-1
D4AN_woTM_0211_L012_8.png,D4AN,wo,211,L,6888,8664,0.367595818815331,-1
D4AN_woTM_0236_G017_10.png,D4AN,wo,236,G,6976,8784,0.4097222222222222,-1
D4AN_woTM_0277_L028_4.png,D4AN,wo,277,L,7360,9760,0.4825783972125435,-1
D4AN_woTM_0279_G030_4.png,D4AN,wo,279,G,7440,9536,0.484375,-1
D4AN_woTM_0317_L028_8.png,D4AN,wo,317,L,7744,9696,0.5522648083623694,-1
D4AN_woTM_0329_G030_9.png,D4AN,wo,329,G,7600,9504,0.5711805555555556,-1
D4AN_woTM_0357_L038_2.png,D4AN,wo,357,L,6944,9216,0.6219512195121951,-1
D4AN_woTM_0371_L032_4.png,D4AN,wo,371,L,6752,9376,0.6463414634146342,-1
D4AN_woTM_0376_G037_4.png,D4AN,wo,376,G,7328,9152,0.6527777777777778,-1
D4AN_woTM_0396_G037_6.png,D4AN,wo,396,G,6784,8736,0.6875,-1
D4AN_woTM_0411_L032_8.png,D4AN,wo,411,L,6432,8160,0.7160278745644599,-1
D4AN_woTM_0504_L045_7.png,D4AN,wo,504,L,5536,6272,0.8780487804878049,-1
D4AN_woTM_0530_G041_10.png,D4AN,wo,530,G,5488,4728,0.9201388888888888,-1
G1CN_TM10.5_0024_L005_3.png,G1CN,10.5,24,L,2936,4440,0.0415944540727903,-1
G1CN_TM10.5_0036_G007_4.png,G1CN,10.5,36,G,3904,4584,0.0625,-1
G1CN_TM10.5_0037_L008_4.png,G1CN,10.5,37,L,2832,4128,0.0641247833622183,-1
G1CN_TM10.5_0210_G011_8.png,G1CN,10.5,210,G,6864,8808,0.3645833333333333,-1
G1CN_TM10.5_0223_G014_9.png,G1CN,10.5,223,G,6784,8640,0.3871527777777778,-1
G1CN_TM10.5_0250_G021_2.png,G1CN,10.5,250,G,7552,9312,0.4340277777777778,-1
G1CN_TM10.5_0251_L022_2.png,G1CN,10.5,251,L,7296,9088,0.4350086655112651,-1
G1CN_TM10.5_0291_L022_6.png,G1CN,10.5,291,L,8128,9920,0.5043327556325823,-1
G1CN_TM10.5_0316_G027_8.png,G1CN,10.5,316,G,8736,9664,0.5486111111111112,-1
G1CN_TM10.5_0331_L022_10.png,G1CN,10.5,331,L,8416,9680,0.5736568457538995,-1
G1CN_TM10.5_0356_G037_2.png,G1CN,10.5,356,G,7872,9504,0.6180555555555556,-1
G1CN_TM10.5_0370_G031_4.png,G1CN,10.5,370,G,8640,9312,0.6423611111111112,-1
G1CN_TM10.5_0424_L035_9.png,G1CN,10.5,424,L,7056,7968,0.7348353552859619,-1
G1CN_TM10.5_0451_L042_2.png,G1CN,10.5,451,L,7072,7488,0.7816291161178509,-1
G1CN_TM10.5_0491_L042_6.png,G1CN,10.5,491,L,5856,7136,0.8509532062391681,-1
G1CN_TM10.5_0503_G044_7.png,G1CN,10.5,503,G,6320,7168,0.8732638888888888,-1
G1CN_TM10.5_0504_L045_7.png,G1CN,10.5,504,L,5824,6496,0.8734835355285961,-1
G1CN_TM10.5_0531_L042_10.png,G1CN,10.5,531,L,7568,6464,0.9202772963604852,-1
G1CN_TM10.5_0543_G044_11.png,G1CN,10.5,543,G,7120,6272,0.9427083333333334,-1
G1CN_TM10.5_0556_G047_12.png,G1CN,10.5,556,G,6448,5184,0.9652777777777778,-1
G1CN_TM11.5_0025_L006_3.png,G1CN,11.5,25,L,2672,3856,0.0464684014869888,-1
G1CN_TM11.5_0103_G004_11.png,G1CN,11.5,103,G,4224,5312,0.1921641791044776,-1
G1CN_TM11.5_0130_G011_2.png,G1CN,11.5,130,G,4336,6192,0.2425373134328358,-1
G1CN_TM11.5_0132_L013_2.png,G1CN,11.5,132,L,4336,6448,0.2453531598513011,-1
G1CN_TM11.5_0183_G014_7.png,G1CN,11.5,183,G,5104,7696,0.3414179104477612,-1
G1CN_TM11.5_0185_L016_7.png,G1CN,11.5,185,L,5600,8128,0.3438661710037174,-1
G1CN_TM11.5_0198_L019_8.png,G1CN,11.5,198,L,5888,8208,0.3680297397769517,-1
G1CN_TM11.5_0223_G024_1.png,G1CN,11.5,223,G,6144,8400,0.416044776119403,-1
G1CN_TM11.5_0225_L026_1.png,G1CN,11.5,225,L,6240,8576,0.4182156133828996,-1
G1CN_TM11.5_0265_L026_5.png,G1CN,11.5,265,L,6704,8624,0.4925650557620817,-1
G1CN_TM11.5_0276_G027_6.png,G1CN,11.5,276,G,7296,9008,0.5149253731343284,-1
G1CN_TM11.5_0278_L029_6.png,G1CN,11.5,278,L,7248,8912,0.516728624535316,-1
G1CN_TM11.5_0290_G021_8.png,G1CN,11.5,290,G,7552,8896,0.5410447761194029,-1
G1CN_TM11.5_0316_G027_10.png,G1CN,11.5,316,G,6880,9008,0.5895522388059702,-1
G1CN_TM11.5_0356_G037_4.png,G1CN,11.5,356,G,6208,8096,0.664179104477612,-1
G1CN_TM11.5_0385_L036_7.png,G1CN,11.5,385,L,6192,8160,0.7156133828996283,-1
G1CN_TM11.5_0398_L039_8.png,G1CN,11.5,398,L,6368,7728,0.7397769516728625,-1
G1CN_TM11.5_0436_G047_2.png,G1CN,11.5,436,G,5808,6336,0.8134328358208955,-1
G1CN_TM11.5_0490_G041_8.png,G1CN,11.5,490,G,3824,5120,0.914179104477612,-1
G1CN_TM11.5_0505_L046_9.png,G1CN,11.5,505,L,3552,4592,0.9386617100371748,-1
G1CN_TM12.5_0037_G008_4.png,G1CN,12.5,37,G,3040,3856,0.0744466800804829,-1
G1CN_TM12.5_0064_G005_7.png,G1CN,12.5,64,G,3120,4448,0.1287726358148893,-1
G1CN_TM12.5_0065_L006_7.png,G1CN,12.5,65,L,3456,4736,0.1305220883534136,-1
G1CN_TM12.5_0091_G002_10.png,G1CN,12.5,91,G,3616,4720,0.1830985915492957,-1
G1CN_TM12.5_0105_L006_11.png,G1CN,12.5,105,L,3856,5216,0.2108433734939759,-1
G1CN_TM12.5_0131_G002_14.png,G1CN,12.5,131,G,4416,6096,0.2635814889336016,-1
G1CN_TM12.5_0185_L016_5.png,G1CN,12.5,185,L,5936,7952,0.3714859437751004,-1
G1CN_TM12.5_0224_G015_9.png,G1CN,12.5,224,G,6192,8256,0.4507042253521127,-1
G1CN_TM12.5_0225_L016_9.png,G1CN,12.5,225,L,6608,8992,0.4518072289156626,-1
G1CN_TM12.5_0291_G022_6.png,G1CN,12.5,291,G,6704,8624,0.5855130784708249,-1
G1CN_TM12.5_0304_G025_7.png,G1CN,12.5,304,G,6144,8464,0.6116700201207244,-1
G1CN_TM12.5_0305_L026_7.png,G1CN,12.5,305,L,6816,8416,0.6124497991967871,-1
G1CN_TM12.5_0331_G022_10.png,G1CN,12.5,331,G,7120,8464,0.6659959758551308,-1
G1CN_TM12.5_0344_G035_1.png,G1CN,12.5,344,G,6448,8576,0.6921529175050302,-1
G1CN_TM12.5_0345_L036_1.png,G1CN,12.5,345,L,6560,8416,0.6927710843373494,-1
G1CN_TM12.5_0398_L039_6.png,G1CN,12.5,398,L,6240,7552,0.7991967871485943,-1
G1CN_TM12.5_0412_L033_8.png,G1CN,12.5,412,L,6416,7024,0.8273092369477911,-1
G1CN_TM12.5_0452_L043_2.png,G1CN,12.5,452,L,5824,6240,0.9076305220883534,-1
G1CN_TM12.5_0464_G045_3.png,G1CN,12.5,464,G,4896,5568,0.9336016096579476,-1
G1CN_TM12.5_0478_L049_4.png,G1CN,12.5,478,L,7072,6048,0.9598393574297188,-1
G1CN_TM13.5_0037_L008_4.png,G1CN,13.5,37,L,3456,4584,0.0630323679727427,-1
G1CN_TM13.5_0063_G004_7.png,G1CN,13.5,63,G,4608,5136,0.1075085324232082,-1
G1CN_TM13.5_0131_L002_14.png,G1CN,13.5,131,L,4384,5568,0.2231686541737649,-1
G1CN_TM13.5_0144_L015_1.png,G1CN,13.5,144,L,4432,6384,0.2453151618398637,-1
G1CN_TM13.5_0157_L018_2.png,G1CN,13.5,157,L,5384,7008,0.2674616695059625,-1
G1CN_TM13.5_0200_G011_7.png,G1CN,13.5,200,G,5568,7856,0.3412969283276451,-1
G1CN_TM13.5_0211_L012_8.png,G1CN,13.5,211,L,6264,8088,0.3594548551959114,-1
G1CN_TM13.5_0240_G021_1.png,G1CN,13.5,240,G,7032,8240,0.409556313993174,-1
G1CN_TM13.5_0251_L022_2.png,G1CN,13.5,251,L,7008,8896,0.4275979557069846,-1
G1CN_TM13.5_0266_G027_3.png,G1CN,13.5,266,G,7296,9312,0.4539249146757679,-1
G1CN_TM13.5_0280_G021_5.png,G1CN,13.5,280,G,6936,9072,0.4778156996587031,-1
G1CN_TM13.5_0344_L035_1.png,G1CN,13.5,344,L,7328,9456,0.58603066439523,-1
G1CN_TM13.5_0360_G031_3.png,G1CN,13.5,360,G,7168,9248,0.6143344709897611,-1
G1CN_TM13.5_0373_G034_4.png,G1CN,13.5,373,G,7104,9088,0.636518771331058,-1
G1CN_TM13.5_0426_G037_9.png,G1CN,13.5,426,G,6800,7584,0.726962457337884,-1
G1CN_TM13.5_0437_L038_10.png,G1CN,13.5,437,L,7176,8512,0.7444633730834753,-1
G1CN_TM13.5_0451_L042_2.png,G1CN,13.5,451,L,6656,8608,0.768313458262351,-1
G1CN_TM13.5_0480_G041_5.png,G1CN,13.5,480,G,5888,7456,0.8191126279863481,-1
G1CN_TM13.5_0520_G041_9.png,G1CN,13.5,520,G,6144,6688,0.8873720136518771,-1
G1CN_TM13.5_0557_L048_12.png,G1CN,13.5,557,L,5616,4768,0.948892674616695,-1
G1CN_TM14.5_0010_G001_2.png,G1CN,14.5,10,G,3040,3184,0.0193798449612403,-1
G1CN_TM14.5_0036_G007_4.png,G1CN,14.5,36,G,3920,3920,0.0697674418604651,-1
G1CN_TM14.5_0038_L009_4.png,G1CN,14.5,38,L,4016,3808,0.0733590733590733,-1
G1CN_TM14.5_0050_G001_6.png,G1CN,14.5,50,G,4224,4432,0.0968992248062015,-1
G1CN_TM14.5_0132_L013_2.png,G1CN,14.5,132,L,5216,6560,0.2548262548262548,-1
G1CN_TM14.5_0143_G014_3.png,G1CN,14.5,143,G,5408,6496,0.2771317829457364,-1
G1CN_TM14.5_0145_L016_3.png,G1CN,14.5,145,L,5520,6704,0.2799227799227799,-1
G1CN_TM14.5_0158_L019_4.png,G1CN,14.5,158,L,5680,7168,0.305019305019305,-1
G1CN_TM14.5_0276_G027_6.png,G1CN,14.5,276,G,8000,9200,0.5348837209302325,-1
G1CN_TM14.5_0278_L029_6.png,G1CN,14.5,278,L,7856,9296,0.5366795366795367,-1
G1CN_TM14.5_0316_G027_10.png,G1CN,14.5,316,G,8064,9536,0.6124031007751938,-1
G1CN_TM14.5_0318_L029_10.png,G1CN,14.5,318,L,7696,9040,0.6138996138996139,-1
G1CN_TM14.5_0330_G031_2.png,G1CN,14.5,330,G,7488,8784,0.6395348837209303,-1
G1CN_TM14.5_0332_L033_2.png,G1CN,14.5,332,L,7856,9408,0.640926640926641,-1
G1CN_TM14.5_0343_G034_3.png,G1CN,14.5,343,G,7024,8832,0.6647286821705426,-1
G1CN_TM14.5_0385_L036_7.png,G1CN,14.5,385,L,6976,8048,0.7432432432432432,-1
G1CN_TM14.5_0396_G037_8.png,G1CN,14.5,396,G,7168,7696,0.7674418604651163,-1
G1CN_TM14.5_0463_G044_5.png,G1CN,14.5,463,G,5824,6032,0.8972868217054264,-1
G1CN_TM14.5_0492_L043_8.png,G1CN,14.5,492,L,5888,5008,0.9498069498069498,-1
G1CN_TM14.5_0505_L046_9.png,G1CN,14.5,505,L,4640,4592,0.974903474903475,-1
G1CN_TM15.5_0010_L001_2.png,G1CN,15.5,10,L,2528,3104,0.0183150183150183,-1
G1CN_TM15.5_0011_G002_2.png,G1CN,15.5,11,G,2784,3408,0.0201096892138939,-1
G1CN_TM15.5_0050_L001_6.png,G1CN,15.5,50,L,4704,5312,0.0915750915750915,-1
G1CN_TM15.5_0063_L004_7.png,G1CN,15.5,63,L,4128,5728,0.1153846153846153,-1
G1CN_TM15.5_0076_L007_8.png,G1CN,15.5,76,L,5376,5568,0.1391941391941392,-1
G1CN_TM15.5_0104_G005_11.png,G1CN,15.5,104,G,5344,6464,0.1901279707495429,-1
G1CN_TM15.5_0130_L001_14.png,G1CN,15.5,130,L,5792,6128,0.238095238095238,-1
G1CN_TM15.5_0144_G015_1.png,G1CN,15.5,144,G,5472,6864,0.263254113345521,-1
G1CN_TM15.5_0211_G012_8.png,G1CN,15.5,211,G,7760,9312,0.3857404021937843,-1
G1CN_TM15.5_0226_L017_9.png,G1CN,15.5,226,L,7952,8544,0.4139194139194139,-1
G1CN_TM15.5_0237_G018_10.png,G1CN,15.5,237,G,7856,8672,0.43327239488117,-1
G1CN_TM15.5_0277_G028_4.png,G1CN,15.5,277,G,8256,8672,0.506398537477148,-1
G1CN_TM15.5_0304_G025_7.png,G1CN,15.5,304,G,8544,9200,0.5557586837294333,-1
G1CN_TM15.5_0336_L027_10.png,G1CN,15.5,336,L,8432,9152,0.6153846153846154,-1
G1CN_TM15.5_0384_G035_5.png,G1CN,15.5,384,G,7328,8000,0.7020109689213894,-1
G1CN_TM15.5_0397_G038_6.png,G1CN,15.5,397,G,6896,7776,0.7257769652650823,-1
G1CN_TM15.5_0403_L034_7.png,G1CN,15.5,403,L,6608,6560,0.7380952380952381,-1
G1CN_TM15.5_0416_L037_8.png,G1CN,15.5,416,L,6544,7136,0.7619047619047619,-1
G1CN_TM15.5_0430_L031_10.png,G1CN,15.5,430,L,5936,6448,0.7875457875457875,-1
G1CN_TM15.5_0491_G042_4.png,G1CN,15.5,491,G,6192,5792,0.8976234003656307,-1
G1CN_TM16.5_0023_G004_3.png,G1CN,16.5,23,G,2416,3456,0.0473251028806584,-1
G1CN_TM16.5_0025_L006_3.png,G1CN,16.5,25,L,3744,4512,0.0512295081967213,-1
G1CN_TM16.5_0050_G001_6.png,G1CN,16.5,50,G,3088,3856,0.102880658436214,-1
G1CN_TM16.5_0065_L006_7.png,G1CN,16.5,65,L,3344,5184,0.1331967213114754,-1
G1CN_TM16.5_0092_L003_10.png,G1CN,16.5,92,L,4768,6272,0.1885245901639344,-1
G1CN_TM16.5_0116_G007_12.png,G1CN,16.5,116,G,5248,6528,0.2386831275720164,-1
G1CN_TM16.5_0132_L003_14.png,G1CN,16.5,132,L,5488,6128,0.2704918032786885,-1
G1CN_TM16.5_0143_G014_1.png,G1CN,16.5,143,G,5664,6864,0.294238683127572,-1
G1CN_TM16.5_0158_L019_2.png,G1CN,16.5,158,L,7024,7296,0.3237704918032787,-1
G1CN_TM16.5_0223_G014_9.png,G1CN,16.5,223,G,7072,9024,0.4588477366255144,-1
G1CN_TM16.5_0225_L016_9.png,G1CN,16.5,225,L,7072,8768,0.4610655737704918,-1
G1CN_TM16.5_0252_L023_2.png,G1CN,16.5,252,L,7184,8832,0.5163934426229508,-1
G1CN_TM16.5_0276_G027_4.png,G1CN,16.5,276,G,6720,9504,0.5679012345679012,-1
G1CN_TM16.5_0290_G021_6.png,G1CN,16.5,290,G,7584,9632,0.5967078189300411,-1
G1CN_TM16.5_0316_G027_8.png,G1CN,16.5,316,G,7792,9120,0.6502057613168725,-1
G1CN_TM16.5_0318_L029_8.png,G1CN,16.5,318,L,7488,9312,0.6516393442622951,-1
G1CN_TM16.5_0372_L033_4.png,G1CN,16.5,372,L,7552,8384,0.7622950819672131,-1
G1CN_TM16.5_0383_G034_5.png,G1CN,16.5,383,G,8272,8512,0.7880658436213992,-1
G1CN_TM16.5_0423_G034_9.png,G1CN,16.5,423,G,8784,6912,0.8703703703703703,-1
G1CN_TM16.5_0438_L039_10.png,G1CN,16.5,438,L,8192,6280,0.8975409836065574,-1
G1CN_TM17.5_0037_L008_4.png,G1CN,17.5,37,L,4064,4320,0.0715667311411992,-1
G1CN_TM17.5_0063_G004_7.png,G1CN,17.5,63,G,4448,5120,0.1220930232558139,-1
G1CN_TM17.5_0104_L005_11.png,G1CN,17.5,104,L,5568,6336,0.2011605415860735,-1
G1CN_TM17.5_0196_G017_4.png,G1CN,17.5,196,G,6896,8160,0.3798449612403101,-1
G1CN_TM17.5_0197_L018_4.png,G1CN,17.5,197,L,6176,8288,0.3810444874274661,-1
G1CN_TM17.5_0210_G011_6.png,G1CN,17.5,210,G,6992,8576,0.4069767441860465,-1
G1CN_TM17.5_0224_L015_7.png,G1CN,17.5,224,L,7200,8640,0.4332688588007737,-1
G1CN_TM17.5_0237_L018_8.png,G1CN,17.5,237,L,6912,8544,0.4584139264990329,-1
G1CN_TM17.5_0291_L022_2.png,G1CN,17.5,291,L,7024,8832,0.562862669245648,-1
G1CN_TM17.5_0303_G024_3.png,G1CN,17.5,303,G,6912,9288,0.5872093023255814,-1
G1CN_TM17.5_0330_G021_6.png,G1CN,17.5,330,G,6768,8760,0.6395348837209303,-1
G1CN_TM17.5_0331_L022_6.png,G1CN,17.5,331,L,6880,8768,0.6402321083172147,-1
G1CN_TM17.5_0344_L025_7.png,G1CN,17.5,344,L,6432,8864,0.6653771760154739,-1
G1CN_TM17.5_0371_L022_10.png,G1CN,17.5,371,L,6304,7504,0.7176015473887815,-1
G1CN_TM17.5_0383_G034_1.png,G1CN,17.5,383,G,5680,7088,0.7422480620155039,-1
G1CN_TM17.5_0410_G031_4.png,G1CN,17.5,410,G,6072,7296,0.7945736434108527,-1
G1CN_TM17.5_0411_L032_4.png,G1CN,17.5,411,L,6112,7584,0.7949709864603481,-1
G1CN_TM17.5_0423_G034_5.png,G1CN,17.5,423,G,5824,7392,0.8197674418604651,-1
G1CN_TM17.5_0463_G034_9.png,G1CN,17.5,463,G,5312,5664,0.8972868217054264,-1
G1CN_TM17.5_0503_G034_13.png,G1CN,17.5,503,G,4496,3776,0.9748062015503876,-1
G1CN_TM9.5_0025_L006_3.png,G1CN,9.5,25,L,2624,3552,0.0418060200668896,-1
G1CN_TM9.5_0052_L003_6.png,G1CN,9.5,52,L,3888,4848,0.0869565217391304,-1
G1CN_TM9.5_0063_G004_7.png,G1CN,9.5,63,G,3344,4432,0.1057046979865771,-1
G1CN_TM9.5_0130_G001_14.png,G1CN,9.5,130,G,4736,6976,0.2181208053691275,-1
G1CN_TM9.5_0156_G017_2.png,G1CN,9.5,156,G,5856,7848,0.261744966442953,-1
G1CN_TM9.5_0198_L019_6.png,G1CN,9.5,198,L,6304,9152,0.3311036789297659,-1
G1CN_TM9.5_0263_G024_3.png,G1CN,9.5,263,G,7520,9792,0.4412751677852349,-1
G1CN_TM9.5_0265_L026_3.png,G1CN,9.5,265,L,7328,10048,0.4431438127090301,-1
G1CN_TM9.5_0318_L029_8.png,G1CN,9.5,318,L,7648,9984,0.5317725752508361,-1
G1CN_TM9.5_0332_L023_10.png,G1CN,9.5,332,L,7296,9328,0.5551839464882943,-1
G1CN_TM9.5_0383_G034_5.png,G1CN,9.5,383,G,6912,8768,0.6426174496644296,-1
G1CN_TM9.5_0410_G031_8.png,G1CN,9.5,410,G,6576,8184,0.6879194630872483,-1
G1CN_TM9.5_0423_G034_9.png,G1CN,9.5,423,G,6288,8256,0.709731543624161,-1
G1CN_TM9.5_0438_L039_10.png,G1CN,9.5,438,L,5728,7760,0.7324414715719063,-1
G1CN_TM9.5_0463_G044_3.png,G1CN,9.5,463,G,5632,7104,0.7768456375838926,-1
G1CN_TM9.5_0490_G041_6.png,G1CN,9.5,490,G,5120,5440,0.8221476510067114,-1
G1CN_TM9.5_0492_L043_6.png,G1CN,9.5,492,L,5888,5952,0.822742474916388,-1
G1CN_TM9.5_0516_G047_8.png,G1CN,9.5,516,G,3664,4480,0.8657718120805369,-1
G1CN_TM9.5_0518_L049_8.png,G1CN,9.5,518,L,4672,5024,0.8662207357859532,-1
G1CN_TM9.5_0532_L043_10.png,G1CN,9.5,532,L,4720,4864,0.8896321070234113,-1
G1CN_woTM_0024_G005_3.png,G1CN,wo,24,G,3144,4272,0.0415944540727903,-1
G1CN_woTM_0051_G002_6.png,G1CN,wo,51,G,4080,5088,0.0883882149046793,-1
G1CN_woTM_0103_L004_11.png,G1CN,wo,103,L,4944,5688,0.1788194444444444,-1
G1CN_woTM_0131_G002_14.png,G1CN,wo,131,G,4440,5856,0.2270363951473137,-1
G1CN_woTM_0170_L011_4.png,G1CN,wo,170,L,5808,7560,0.2951388888888889,-1
G1CN_woTM_0183_L014_5.png,G1CN,wo,183,L,6312,8064,0.3177083333333333,-1
G1CN_woTM_0197_G018_6.png,G1CN,wo,197,G,6120,7872,0.341421143847487,-1
G1CN_woTM_0210_L011_8.png,G1CN,wo,210,L,6432,7920,0.3645833333333333,-1
G1CN_woTM_0211_G012_8.png,G1CN,wo,211,G,6840,8328,0.365684575389948,-1
G1CN_woTM_0223_L014_9.png,G1CN,wo,223,L,6720,8184,0.3871527777777778,-1
G1CN_woTM_0236_L017_10.png,G1CN,wo,236,L,6768,8568,0.4097222222222222,-1
G1CN_woTM_0263_L024_3.png,G1CN,wo,263,L,7200,9024,0.4565972222222222,-1
G1CN_woTM_0277_G028_4.png,G1CN,wo,277,G,7232,8896,0.4800693240901213,-1
G1CN_woTM_0317_G028_8.png,G1CN,wo,317,G,7488,9440,0.5493934142114385,-1
G1CN_woTM_0331_G022_10.png,G1CN,wo,331,G,7808,9344,0.5736568457538995,-1
G1CN_woTM_0343_L034_1.png,G1CN,wo,343,L,7840,9808,0.5954861111111112,-1
G1CN_woTM_0410_L031_8.png,G1CN,wo,410,L,7824,8640,0.7118055555555556,-1
G1CN_woTM_0464_G045_3.png,G1CN,wo,464,G,7456,7936,0.804159445407279,-1
G1CN_woTM_0477_G048_4.png,G1CN,wo,477,G,7472,7776,0.8266897746967071,-1
G1CN_woTM_0503_L044_7.png,G1CN,wo,503,L,7680,7872,0.8732638888888888,-1
G2AN_TM10.5_0015_L006_2.png,G2AN,10.5,15,L,3200,3776,0.0264084507042253,-1
G2AN_TM10.5_0035_L006_4.png,G2AN,10.5,35,L,4160,4960,0.0616197183098591,-1
G2AN_TM10.5_0063_G004_7.png,G2AN,10.5,63,G,4272,4872,0.1113074204946996,-1
G2AN_TM10.5_0130_G001_14.png,G2AN,10.5,130,G,5472,6976,0.2296819787985865,-1
G2AN_TM10.5_0156_G017_2.png,G2AN,10.5,156,G,5600,7264,0.2756183745583039,-1
G2AN_TM10.5_0170_G011_4.png,G2AN,10.5,170,G,6784,8512,0.3003533568904594,-1
G2AN_TM10.5_0183_G014_5.png,G2AN,10.5,183,G,6552,7968,0.323321554770318,-1
G2AN_TM10.5_0202_L013_7.png,G2AN,10.5,202,L,7104,8640,0.3556338028169014,-1
G2AN_TM10.5_0282_L023_5.png,G2AN,10.5,282,L,8032,10016,0.4964788732394366,-1
G2AN_TM10.5_0322_L023_9.png,G2AN,10.5,322,L,7584,8768,0.5669014084507042,-1
G2AN_TM10.5_0330_G021_10.png,G2AN,10.5,330,G,6368,9152,0.5830388692579506,-1
G2AN_TM10.5_0343_G034_1.png,G2AN,10.5,343,G,6168,7992,0.6060070671378092,-1
G2AN_TM10.5_0370_G031_4.png,G2AN,10.5,370,G,5736,7440,0.6537102473498233,-1
G2AN_TM10.5_0396_G037_6.png,G2AN,10.5,396,G,5760,7224,0.6996466431095406,-1
G2AN_TM10.5_0415_L036_8.png,G2AN,10.5,415,L,6072,7296,0.7306338028169014,-1
G2AN_TM10.5_0423_G034_9.png,G2AN,10.5,423,G,5568,6744,0.7473498233215548,-1
G2AN_TM10.5_0428_L039_9.png,G2AN,10.5,428,L,5544,6432,0.7535211267605634,-1
G2AN_TM10.5_0442_L043_1.png,G2AN,10.5,442,L,6208,6400,0.778169014084507,-1
G2AN_TM10.5_0482_L043_5.png,G2AN,10.5,482,L,5568,5664,0.8485915492957746,-1
G2AN_TM10.5_0548_L049_11.png,G2AN,10.5,548,L,2328,2856,0.9647887323943662,-1
G2AN_TM11.5_0010_G001_2.png,G2AN,11.5,10,G,2048,2848,0.0186567164179104,-1
G2AN_TM11.5_0011_L002_2.png,G2AN,11.5,11,L,2416,3456,0.0204841713221601,1
G2AN_TM11.5_0024_L005_3.png,G2AN,11.5,24,L,2784,3808,0.0446927374301676,2
G2AN_TM11.5_0036_G007_4.png,G2AN,11.5,36,G,3152,3952,0.0671641791044776,-1
G2AN_TM11.5_0037_L008_4.png,G2AN,11.5,37,L,3040,4176,0.068901303538175,3
G2AN_TM11.5_0051_L002_6.png,G2AN,11.5,51,L,3248,4432,0.0949720670391061,4
G2AN_TM11.5_0064_L005_7.png,G2AN,11.5,64,L,3808,4384,0.1191806331471136,-1
G2AN_TM11.5_0077_L008_8.png,G2AN,11.5,77,L,4336,5056,0.143389199255121,5
G2AN_TM11.5_0091_L002_10.png,G2AN,11.5,91,L,4640,5520,0.1694599627560521,1
G2AN_TM11.5_0104_L005_11.png,G2AN,11.5,104,L,4432,6032,0.1936685288640595,2
G2AN_TM11.5_0117_L008_12.png,G2AN,11.5,117,L,4800,6400,0.217877094972067,3
G2AN_TM11.5_0131_L002_14.png,G2AN,11.5,131,L,5520,6912,0.2439478584729981,4
G2AN_TM11.5_0137_L008_14.png,G2AN,11.5,137,L,5216,7168,0.25512104283054,5
G2AN_TM11.5_0141_L012_1.png,G2AN,11.5,141,L,5184,6768,0.2625698324022346,1
G2AN_TM11.5_0143_G014_1.png,G2AN,11.5,143,G,5112,6504,0.2667910447761194,-1
G2AN_TM11.5_0144_L015_1.png,G2AN,11.5,144,L,5632,6816,0.2681564245810056,2
G2AN_TM11.5_0147_L018_1.png,G2AN,11.5,147,L,5280,6984,0.2737430167597765,3
G2AN_TM11.5_0151_L012_2.png,G2AN,11.5,151,L,5232,6984,0.2811918063314711,4
G2AN_TM11.5_0154_L015_2.png,G2AN,11.5,154,L,5568,7104,0.286778398510242,5
G2AN_TM11.5_0156_G017_2.png,G2AN,11.5,156,G,5344,7136,0.291044776119403,-1
G2AN_TM11.5_0157_L018_2.png,G2AN,11.5,157,L,5568,7136,0.292364990689013,1
G2AN_TM11.5_0161_L012_3.png,G2AN,11.5,161,L,5376,7344,0.2998137802607076,2
G2AN_TM11.5_0164_L015_3.png,G2AN,11.5,164,L,5760,7296,0.3054003724394786,3
G2AN_TM11.5_0167_L018_3.png,G2AN,11.5,167,L,5664,7320,0.3109869646182495,4
G2AN_TM11.5_0171_L012_4.png,G2AN,11.5,171,L,5784,7104,0.3184357541899441,-1
G2AN_TM11.5_0174_L015_4.png,G2AN,11.5,174,L,6176,7520,0.3240223463687151,5
G2AN_TM11.5_0177_L018_4.png,G2AN,11.5,177,L,6528,7840,0.329608938547486,1
G2AN_TM11.5_0181_L012_5.png,G2AN,11.5,181,L,6048,7560,0.3370577281191806,2
G2AN_TM11.5_0184_L015_5.png,G2AN,11.5,184,L,6496,7808,0.3426443202979516,3
G2AN_TM11.5_0187_L018_5.png,G2AN,11.5,187,L,6264,7704,0.3482309124767225,4
G2AN_TM11.5_0191_L012_6.png,G2AN,11.5,191,L,6264,7536,0.3556797020484171,5
G2AN_TM11.5_0194_L015_6.png,G2AN,11.5,194,L,6432,7616,0.3612662942271881,1
G2AN_TM11.5_0196_G017_6.png,G2AN,11.5,196,G,6560,7648,0.3656716417910448,-1
G2AN_TM11.5_0197_L018_6.png,G2AN,11.5,197,L,6400,7424,0.366852886405959,-1
G2AN_TM11.5_0201_L012_7.png,G2AN,11.5,201,L,6360,7992,0.3743016759776536,2
G2AN_TM11.5_0204_L015_7.png,G2AN,11.5,204,L,6688,8032,0.3798882681564245,3
G2AN_TM11.5_0207_L018_7.png,G2AN,11.5,207,L,6456,7920,0.3854748603351955,4
G2AN_TM11.5_0211_L012_8.png,G2AN,11.5,211,L,6360,8160,0.3929236499068901,5
G2AN_TM11.5_0214_L015_8.png,G2AN,11.5,214,L,6848,8096,0.3985102420856611,1
G2AN_TM11.5_0217_L018_8.png,G2AN,11.5,217,L,6624,8352,0.404096834264432,2
G2AN_TM11.5_0221_L012_9.png,G2AN,11.5,221,L,6768,8304,0.4115456238361266,3
G2AN_TM11.5_0224_L015_9.png,G2AN,11.5,224,L,6912,8416,0.4171322160148976,-1
G2AN_TM11.5_0227_L018_9.png,G2AN,11.5,227,L,6888,8280,0.4227188081936685,4
G2AN_TM11.5_0231_L012_10.png,G2AN,11.5,231,L,6744,7992,0.4301675977653631,5
G2AN_TM11.5_0234_L015_10.png,G2AN,11.5,234,L,6848,8352,0.435754189944134,1
G2AN_TM11.5_0237_L018_10.png,G2AN,11.5,237,L,7040,8512,0.441340782122905,2
G2AN_TM11.5_0241_L022_1.png,G2AN,11.5,241,L,7248,9072,0.4487895716945996,3
G2AN_TM11.5_0244_L025_1.png,G2AN,11.5,244,L,7040,9088,0.4543761638733706,4
G2AN_TM11.5_0247_L028_1.png,G2AN,11.5,247,L,7200,8768,0.4599627560521415,5
G2AN_TM11.5_0251_L022_2.png,G2AN,11.5,251,L,7296,8768,0.4674115456238361,1
G2AN_TM11.5_0254_L025_2.png,G2AN,11.5,254,L,7136,8896,0.4729981378026071,2
G2AN_TM11.5_0257_L028_2.png,G2AN,11.5,257,L,7232,9120,0.478584729981378,3
G2AN_TM11.5_0261_L022_3.png,G2AN,11.5,261,L,7536,9376,0.4860335195530726,4
G2AN_TM11.5_0264_L025_3.png,G2AN,11.5,264,L,7168,8672,0.4916201117318435,5
G2AN_TM11.5_0267_L028_3.png,G2AN,11.5,267,L,7392,8576,0.4972067039106145,-1
G2AN_TM11.5_0271_L022_4.png,G2AN,11.5,271,L,7200,8704,0.5046554934823091,1
G2AN_TM11.5_0274_L025_4.png,G2AN,11.5,274,L,7520,9280,0.5102420856610801,2
G2AN_TM11.5_0277_L028_4.png,G2AN,11.5,277,L,7040,9152,0.515828677839851,3
G2AN_TM11.5_0281_L022_5.png,G2AN,11.5,281,L,7168,8512,0.5232774674115456,4
G2AN_TM11.5_0284_L025_5.png,G2AN,11.5,284,L,7296,8800,0.5288640595903166,5
G2AN_TM11.5_0287_L028_5.png,G2AN,11.5,287,L,7232,8736,0.5344506517690876,1
G2AN_TM11.5_0291_L022_6.png,G2AN,11.5,291,L,7040,8832,0.5418994413407822,2
G2AN_TM11.5_0294_L025_6.png,G2AN,11.5,294,L,7456,8736,0.547486033519553,3
G2AN_TM11.5_0297_L028_6.png,G2AN,11.5,297,L,7136,8992,0.553072625698324,4
G2AN_TM11.5_0301_L022_7.png,G2AN,11.5,301,L,7104,9376,0.5605214152700186,5
G2AN_TM11.5_0304_L025_7.png,G2AN,11.5,304,L,6784,8768,0.5661080074487895,1
G2AN_TM11.5_0307_L028_7.png,G2AN,11.5,307,L,6976,8896,0.5716945996275605,2
G2AN_TM11.5_0311_L022_8.png,G2AN,11.5,311,L,7296,8736,0.5791433891992551,3
G2AN_TM11.5_0314_L025_8.png,G2AN,11.5,314,L,7456,9152,0.5847299813780261,4
G2AN_TM11.5_0316_G027_8.png,G2AN,11.5,316,G,6560,8704,0.5895522388059702,-1
G2AN_TM11.5_0317_L028_8.png,G2AN,11.5,317,L,6752,8608,0.590316573556797,5
G2AN_TM11.5_0321_L022_9.png,G2AN,11.5,321,L,7168,8448,0.5977653631284916,1
G2AN_TM11.5_0324_L025_9.png,G2AN,11.5,324,L,6400,8704,0.6033519553072626,2
G2AN_TM11.5_0327_L028_9.png,G2AN,11.5,327,L,6432,8288,0.6089385474860335,3
G2AN_TM11.5_0331_L022_10.png,G2AN,11.5,331,L,6592,8448,0.6163873370577281,4
G2AN_TM11.5_0334_L025_10.png,G2AN,11.5,334,L,6912,8352,0.6219739292364991,5
G2AN_TM11.5_0337_L028_10.png,G2AN,11.5,337,L,6784,8320,0.62756052141527,1
G2AN_TM11.5_0341_L032_1.png,G2AN,11.5,341,L,6112,8032,0.6350093109869647,2
G2AN_TM11.5_0344_L035_1.png,G2AN,11.5,344,L,6880,8400,0.6405959031657356,3
G2AN_TM11.5_0347_L038_1.png,G2AN,11.5,347,L,6080,8320,0.6461824953445066,4
G2AN_TM11.5_0351_L032_2.png,G2AN,11.5,351,L,5592,7896,0.6536312849162011,-1
G2AN_TM11.5_0354_L035_2.png,G2AN,11.5,354,L,6144,8208,0.659217877094972,5
G2AN_TM11.5_0357_L038_2.png,G2AN,11.5,357,L,6000,7704,0.664804469273743,1
G2AN_TM11.5_0361_L032_3.png,G2AN,11.5,361,L,6176,7488,0.6722532588454376,2
G2AN_TM11.5_0364_L035_3.png,G2AN,11.5,364,L,6272,7536,0.6778398510242085,3
G2AN_TM11.5_0367_L038_3.png,G2AN,11.5,367,L,6016,6912,0.6834264432029795,4
G2AN_TM11.5_0371_L032_4.png,G2AN,11.5,371,L,5616,6384,0.6908752327746741,5
G2AN_TM11.5_0374_L035_4.png,G2AN,11.5,374,L,6096,6704,0.6964618249534451,1
G2AN_TM11.5_0377_L038_4.png,G2AN,11.5,377,L,5664,6864,0.702048417132216,2
G2AN_TM11.5_0381_L032_5.png,G2AN,11.5,381,L,5792,7104,0.7094972067039106,3
G2AN_TM11.5_0383_G034_5.png,G2AN,11.5,383,G,5504,6496,0.7145522388059702,-1
G2AN_TM11.5_0384_L035_5.png,G2AN,11.5,384,L,6304,7104,0.7150837988826816,-1
G2AN_TM11.5_0387_L038_5.png,G2AN,11.5,387,L,5952,7232,0.7206703910614525,4
G2AN_TM11.5_0391_L032_6.png,G2AN,11.5,391,L,5712,6840,0.7281191806331471,5
G2AN_TM11.5_0394_L035_6.png,G2AN,11.5,394,L,6352,6944,0.7337057728119181,1
G2AN_TM11.5_0396_G037_6.png,G2AN,11.5,396,G,5496,6528,0.7388059701492538,-1
G2AN_TM11.5_0397_L038_6.png,G2AN,11.5,397,L,5928,6672,0.7392923649906891,2
G2AN_TM11.5_0401_L032_7.png,G2AN,11.5,401,L,5664,6976,0.7467411545623837,3
G2AN_TM11.5_0404_L035_7.png,G2AN,11.5,404,L,6176,7168,0.7523277467411545,4
G2AN_TM11.5_0407_L038_7.png,G2AN,11.5,407,L,5760,6816,0.7579143389199255,5
G2AN_TM11.5_0411_L032_8.png,G2AN,11.5,411,L,5736,6672,0.7653631284916201,1
G2AN_TM11.5_0414_L035_8.png,G2AN,11.5,414,L,6672,7040,0.770949720670391,2
G2AN_TM11.5_0417_L038_8.png,G2AN,11.5,417,L,5928,6840,0.776536312849162,3
G2AN_TM11.5_0421_L032_9.png,G2AN,11.5,421,L,5664,6528,0.7839851024208566,4
G2AN_TM11.5_0424_L035_9.png,G2AN,11.5,424,L,6112,6976,0.7895716945996276,5
G2AN_TM11.5_0427_L038_9.png,G2AN,11.5,427,L,5728,6496,0.7951582867783985,1
G2AN_TM11.5_0431_L032_10.png,G2AN,11.5,431,L,5448,6144,0.8026070763500931,2
G2AN_TM11.5_0434_L035_10.png,G2AN,11.5,434,L,5760,6640,0.8081936685288641,-1
G2AN_TM11.5_0437_L038_10.png,G2AN,11.5,437,L,5400,5712,0.813780260707635,3
G2AN_TM11.5_0441_L042_1.png,G2AN,11.5,441,L,5888,6352,0.8212290502793296,4
G2AN_TM11.5_0444_L045_1.png,G2AN,11.5,444,L,5520,6400,0.8268156424581006,5
G2AN_TM11.5_0447_L048_1.png,G2AN,11.5,447,L,5888,6096,0.8324022346368715,1
G2AN_TM11.5_0451_L042_2.png,G2AN,11.5,451,L,5472,5888,0.839851024208566,2
G2AN_TM11.5_0454_L045_2.png,G2AN,11.5,454,L,5616,5984,0.845437616387337,3
G2AN_TM11.5_0457_L048_2.png,G2AN,11.5,457,L,5616,5568,0.851024208566108,4
G2AN_TM11.5_0461_L042_3.png,G2AN,11.5,461,L,5104,5568,0.8584729981378026,5
G2AN_TM11.5_0464_L045_3.png,G2AN,11.5,464,L,5216,5472,0.8640595903165735,1
G2AN_TM11.5_0467_L048_3.png,G2AN,11.5,467,L,4896,5152,0.8696461824953445,2
G2AN_TM11.5_0471_L042_4.png,G2AN,11.5,471,L,4944,4800,0.8770949720670391,3
G2AN_TM11.5_0474_L045_4.png,G2AN,11.5,474,L,4896,5056,0.88268156424581,4
G2AN_TM11.5_0477_L048_4.png,G2AN,11.5,477,L,4848,4736,0.888268156424581,5
G2AN_TM11.5_0481_L042_5.png,G2AN,11.5,481,L,4480,4640,0.8957169459962756,1
G2AN_TM11.5_0484_L045_5.png,G2AN,11.5,484,L,4432,4544,0.9013035381750466,2
G2AN_TM11.5_0487_L048_5.png,G2AN,11.5,487,L,4432,4688,0.9068901303538176,3
G2AN_TM11.5_0490_G041_6.png,G2AN,11.5,490,G,4064,5008,0.914179104477612,-1
G2AN_TM11.5_0491_L042_6.png,G2AN,11.5,491,L,3968,4736,0.914338919925512,-1
G2AN_TM11.5_0494_L045_6.png,G2AN,11.5,494,L,4064,4592,0.9199255121042832,4
G2AN_TM11.5_0497_L048_6.png,G2AN,11.5,497,L,4224,4272,0.925512104283054,5
G2AN_TM11.5_0501_L042_7.png,G2AN,11.5,501,L,4480,4224,0.9329608938547486,1
G2AN_TM11.5_0504_L045_7.png,G2AN,11.5,504,L,4384,4176,0.9385474860335196,2
G2AN_TM11.5_0507_L048_7.png,G2AN,11.5,507,L,4480,4272,0.9441340782122905,3
G2AN_TM11.5_0511_L042_8.png,G2AN,11.5,511,L,3600,3552,0.9515828677839852,4
G2AN_TM11.5_0514_L045_8.png,G2AN,11.5,514,L,3712,3808,0.957169459962756,5
G2AN_TM11.5_0517_L048_8.png,G2AN,11.5,517,L,3808,3808,0.962756052141527,-1
G2AN_TM11.5_0521_L042_9.png,G2AN,11.5,521,L,3600,3600,0.9702048417132216,1
G2AN_TM11.5_0524_L045_9.png,G2AN,11.5,524,L,3456,3552,0.9757914338919924,2
G2AN_TM11.5_0527_L048_9.png,G2AN,11.5,527,L,3664,3552,0.9813780260707636,3
G2AN_TM11.5_0530_G041_10.png,G2AN,11.5,530,G,3504,3296,0.9888059701492538,-1
G2AN_TM11.5_0531_L042_10.png,G2AN,11.5,531,L,3664,3248,0.988826815642458,4
G2AN_TM11.5_0534_L045_10.png,G2AN,11.5,534,L,3552,3088,0.994413407821229,5
G2AN_TM11.5_0537_L048_10.png,G2AN,11.5,537,L,3504,3248,1.0,1
G2AN_TM12.5_0064_L005_7.png,G2AN,12.5,64,L,4128,4080,0.1170018281535649,-1
G2AN_TM12.5_0076_G007_8.png,G2AN,12.5,76,G,3120,3978,0.1391941391941392,-1
G2AN_TM12.5_0090_G001_10.png,G2AN,12.5,90,G,3108,4116,0.1648351648351648,-1
G2AN_TM12.5_0104_L005_11.png,G2AN,12.5,104,L,4128,5088,0.1901279707495429,-1
G2AN_TM12.5_0157_L018_2.png,G2AN,12.5,157,L,5536,7360,0.2870201096892139,-1
G2AN_TM12.5_0183_G014_5.png,G2AN,12.5,183,G,5544,7800,0.3351648351648351,-1
G2AN_TM12.5_0184_L015_5.png,G2AN,12.5,184,L,5408,7776,0.336380255941499,-1
G2AN_TM12.5_0197_L018_6.png,G2AN,12.5,197,L,6496,8576,0.360146252285192,-1
G2AN_TM12.5_0210_G011_8.png,G2AN,12.5,210,G,6128,7872,0.3846153846153846,-1
G2AN_TM12.5_0223_G014_9.png,G2AN,12.5,223,G,7696,9136,0.4084249084249084,-1
G2AN_TM12.5_0237_L018_10.png,G2AN,12.5,237,L,7008,8928,0.43327239488117,-1
G2AN_TM12.5_0250_G021_2.png,G2AN,12.5,250,G,6816,8960,0.4578754578754578,-1
G2AN_TM12.5_0271_L022_4.png,G2AN,12.5,271,L,7248,9564,0.4954296160877514,-1
G2AN_TM12.5_0276_G027_4.png,G2AN,12.5,276,G,6984,9144,0.5054945054945055,-1
G2AN_TM12.5_0304_L025_7.png,G2AN,12.5,304,L,6960,9044,0.5557586837294333,-1
G2AN_TM12.5_0330_G021_10.png,G2AN,12.5,330,G,7840,9728,0.6043956043956044,-1
G2AN_TM12.5_0370_G031_4.png,G2AN,12.5,370,G,7648,9504,0.6776556776556777,-1
G2AN_TM12.5_0394_L035_6.png,G2AN,12.5,394,L,7200,8640,0.720292504570384,-1
G2AN_TM12.5_0410_G031_8.png,G2AN,12.5,410,G,7840,8608,0.7509157509157509,-1
G2AN_TM12.5_0504_L045_7.png,G2AN,12.5,504,L,7696,7104,0.9213893967093236,-1
G2AN_TM13.5_0025_L006_3.png,G2AN,13.5,25,L,2880,3392,0.0464684014869888,-1
G2AN_TM13.5_0036_G007_4.png,G2AN,13.5,36,G,3088,3856,0.0671641791044776,-1
G2AN_TM13.5_0050_G001_6.png,G2AN,13.5,50,G,3392,4064,0.0932835820895522,-1
G2AN_TM13.5_0063_G004_7.png,G2AN,13.5,63,G,3504,4592,0.1175373134328358,-1
G2AN_TM13.5_0078_L009_8.png,G2AN,13.5,78,L,4272,4448,0.1449814126394052,-1
G2AN_TM13.5_0090_G001_10.png,G2AN,13.5,90,G,4272,4432,0.167910447761194,-1
G2AN_TM13.5_0143_G004_15.png,G2AN,13.5,143,G,5568,6560,0.2667910447761194,-1
G2AN_TM13.5_0156_G007_16.png,G2AN,13.5,156,G,5680,6976,0.291044776119403,-1
G2AN_TM13.5_0172_L013_2.png,G2AN,13.5,172,L,6656,7712,0.3197026022304832,-1
G2AN_TM13.5_0198_L019_4.png,G2AN,13.5,198,L,7424,8000,0.3680297397769517,-1
G2AN_TM13.5_0212_L013_6.png,G2AN,13.5,212,L,7520,8288,0.3940520446096654,-1
G2AN_TM13.5_0263_G024_1.png,G2AN,13.5,263,G,8224,9184,0.4906716417910448,-1
G2AN_TM13.5_0305_L026_5.png,G2AN,13.5,305,L,7920,9536,0.5669144981412639,-1
G2AN_TM13.5_0318_L029_6.png,G2AN,13.5,318,L,7936,8992,0.5910780669144982,-1
G2AN_TM13.5_0332_L023_8.png,G2AN,13.5,332,L,8960,9920,0.6171003717472119,-1
G2AN_TM13.5_0343_G024_9.png,G2AN,13.5,343,G,8176,8864,0.6399253731343284,-1
G2AN_TM13.5_0398_L039_4.png,G2AN,13.5,398,L,6704,7904,0.7397769516728625,-1
G2AN_TM13.5_0412_L033_6.png,G2AN,13.5,412,L,6560,8048,0.7657992565055762,-1
G2AN_TM13.5_0450_G031_10.png,G2AN,13.5,450,G,6624,7456,0.8395522388059702,-1
G2AN_TM13.5_0476_G047_2.png,G2AN,13.5,476,G,5520,6448,0.8880597014925373,-1
G2AN_TM14.5_0010_G001_2.png,G2AN,14.5,10,G,2256,3184,0.0188679245283018,-1
G2AN_TM14.5_0037_L008_4.png,G2AN,14.5,37,L,2976,4064,0.0696798493408663,-1
G2AN_TM14.5_0090_G001_10.png,G2AN,14.5,90,G,4016,5008,0.1698113207547169,-1
G2AN_TM14.5_0091_L002_10.png,G2AN,14.5,91,L,4128,4944,0.1713747645951036,-1
G2AN_TM14.5_0116_G007_12.png,G2AN,14.5,116,G,4640,5776,0.2188679245283019,-1
G2AN_TM14.5_0156_G007_16.png,G2AN,14.5,156,G,5056,7232,0.2943396226415094,-1
G2AN_TM14.5_0157_L008_16.png,G2AN,14.5,157,L,5312,7376,0.295668549905838,-1
G2AN_TM14.5_0183_G014_3.png,G2AN,14.5,183,G,6432,8640,0.3452830188679245,-1
G2AN_TM14.5_0263_G024_1.png,G2AN,14.5,263,G,6912,9344,0.4962264150943396,-1
G2AN_TM14.5_0291_L022_4.png,G2AN,14.5,291,L,7488,9760,0.5480225988700564,-1
G2AN_TM14.5_0317_L028_6.png,G2AN,14.5,317,L,7616,9248,0.5969868173258004,-1
G2AN_TM14.5_0343_G024_9.png,G2AN,14.5,343,G,7520,9504,0.6471698113207547,-1
G2AN_TM14.5_0357_L028_10.png,G2AN,14.5,357,L,7136,8864,0.672316384180791,-1
G2AN_TM14.5_0410_G031_6.png,G2AN,14.5,410,G,6072,8160,0.7735849056603774,-1
G2AN_TM14.5_0411_L032_6.png,G2AN,14.5,411,L,6120,8304,0.7740112994350282,-1
G2AN_TM14.5_0436_G037_8.png,G2AN,14.5,436,G,5640,6888,0.8226415094339623,-1
G2AN_TM14.5_0437_L038_8.png,G2AN,14.5,437,L,5680,6768,0.8229755178907722,-1
G2AN_TM14.5_0451_L032_10.png,G2AN,14.5,451,L,5592,6096,0.8493408662900188,-1
G2AN_TM14.5_0491_L042_4.png,G2AN,14.5,491,L,5264,5472,0.9246704331450094,-1
G2AN_TM14.5_0503_G044_5.png,G2AN,14.5,503,G,4688,4944,0.9490566037735848,-1
G2AN_TM15.5_0028_L009_3.png,G2AN,15.5,28,L,2720,3920,0.0519480519480519,-1
G2AN_TM15.5_0039_L010_4.png,G2AN,15.5,39,L,3136,4224,0.072356215213358,-1
G2AN_TM15.5_0130_G001_14.png,G2AN,15.5,130,G,5264,6816,0.2425373134328358,-1
G2AN_TM15.5_0159_L020_2.png,G2AN,15.5,159,L,6560,7616,0.2949907235621521,-1
G2AN_TM15.5_0170_G011_4.png,G2AN,15.5,170,G,6592,7872,0.3171641791044776,-1
G2AN_TM15.5_0239_L020_10.png,G2AN,15.5,239,L,7872,9504,0.4434137291280148,-1
G2AN_TM15.5_0290_G021_6.png,G2AN,15.5,290,G,8160,9504,0.5410447761194029,-1
G2AN_TM15.5_0303_G024_7.png,G2AN,15.5,303,G,8832,9536,0.5652985074626866,-1
G2AN_TM15.5_0316_G027_8.png,G2AN,15.5,316,G,8352,9568,0.5895522388059702,-1
G2AN_TM15.5_0335_L026_10.png,G2AN,15.5,335,L,8496,9456,0.62152133580705,-1
G2AN_TM15.5_0370_G031_4.png,G2AN,15.5,370,G,7584,9152,0.6902985074626866,-1
G2AN_TM15.5_0375_L036_4.png,G2AN,15.5,375,L,7264,8640,0.6957328385899815,-1
G2AN_TM15.5_0383_G034_5.png,G2AN,15.5,383,G,6912,8064,0.7145522388059702,-1
G2AN_TM15.5_0388_L039_5.png,G2AN,15.5,388,L,7200,8320,0.7198515769944341,-1
G2AN_TM15.5_0396_G037_6.png,G2AN,15.5,396,G,6624,7752,0.7388059701492538,-1
G2AN_TM15.5_0415_L036_8.png,G2AN,15.5,415,L,7232,7712,0.7699443413729128,-1
G2AN_TM15.5_0439_L040_10.png,G2AN,15.5,439,L,7128,7264,0.8144712430426716,-1
G2AN_TM15.5_0463_G044_3.png,G2AN,15.5,463,G,6608,6704,0.8638059701492538,-1
G2AN_TM15.5_0479_L050_4.png,G2AN,15.5,479,L,6352,6240,0.8886827458256029,-1
G2AN_TM15.5_0503_G044_7.png,G2AN,15.5,503,G,7072,5408,0.9384328358208956,-1
G2AN_TM16.5_0107_L008_11.png,G2AN,16.5,107,L,4800,5472,0.1921005385996409,-1
G2AN_TM16.5_0120_G001_13.png,G2AN,16.5,120,G,3968,5360,0.2158273381294964,-1
G2AN_TM16.5_0121_L002_13.png,G2AN,16.5,121,L,3728,5344,0.2172351885098743,-1
G2AN_TM16.5_0186_G017_5.png,G2AN,16.5,186,G,6352,8128,0.3345323741007194,-1
G2AN_TM16.5_0201_L012_7.png,G2AN,16.5,201,L,6552,8568,0.3608617594254937,-1
G2AN_TM16.5_0226_G017_9.png,G2AN,16.5,226,G,7040,8320,0.4064748201438849,-1
G2AN_TM16.5_0253_G024_2.png,G2AN,16.5,253,G,7136,8736,0.4550359712230216,-1
G2AN_TM16.5_0280_G021_5.png,G2AN,16.5,280,G,7808,9632,0.5035971223021583,-1
G2AN_TM16.5_0281_L022_5.png,G2AN,16.5,281,L,7072,9824,0.5044883303411131,-1
G2AN_TM16.5_0321_L022_9.png,G2AN,16.5,321,L,7200,9568,0.5763016157989228,-1
G2AN_TM16.5_0361_L032_3.png,G2AN,16.5,361,L,7552,9504,0.6481149012567325,-1
G2AN_TM16.5_0373_G034_4.png,G2AN,16.5,373,G,7840,9504,0.670863309352518,-1
G2AN_TM16.5_0386_G037_5.png,G2AN,16.5,386,G,7168,8992,0.6942446043165468,-1
G2AN_TM16.5_0454_L045_2.png,G2AN,16.5,454,L,6688,7616,0.8150807899461401,-1
G2AN_TM16.5_0466_G047_3.png,G2AN,16.5,466,G,6688,7520,0.8381294964028777,-1
G2AN_TM16.5_0481_L042_5.png,G2AN,16.5,481,L,5952,7488,0.8635547576301615,-1
G2AN_TM16.5_0493_G044_6.png,G2AN,16.5,493,G,6432,7136,0.8866906474820144,-1
G2AN_TM16.5_0521_L042_9.png,G2AN,16.5,521,L,8128,5632,0.9353680430879712,-1
G2AN_TM16.5_0533_G044_10.png,G2AN,16.5,533,G,8384,5280,0.95863309352518,-1
G2AN_TM16.5_0534_L045_10.png,G2AN,16.5,534,L,7936,4832,0.9587073608617596,-1
G2AN_TM17.5_0076_G007_8.png,G2AN,17.5,76,G,3856,4592,0.1417910447761194,-1
G2AN_TM17.5_0078_L009_8.png,G2AN,17.5,78,L,4064,4640,0.1449814126394052,-1
G2AN_TM17.5_0090_G001_10.png,G2AN,17.5,90,G,3968,4480,0.167910447761194,-1
G2AN_TM17.5_0092_L003_10.png,G2AN,17.5,92,L,4272,4688,0.1710037174721189,-1
G2AN_TM17.5_0103_G004_11.png,G2AN,17.5,103,G,4064,5152,0.1921641791044776,-1
G2AN_TM17.5_0156_G007_16.png,G2AN,17.5,156,G,5728,7120,0.291044776119403,-1
G2AN_TM17.5_0158_L009_16.png,G2AN,17.5,158,L,5936,7376,0.2936802973977695,-1
G2AN_TM17.5_0210_G011_6.png,G2AN,17.5,210,G,7200,8352,0.3917910447761194,-1
G2AN_TM17.5_0276_G027_2.png,G2AN,17.5,276,G,7856,9040,0.5149253731343284,-1
G2AN_TM17.5_0290_G021_4.png,G2AN,17.5,290,G,8160,8992,0.5410447761194029,-1
G2AN_TM17.5_0305_L026_5.png,G2AN,17.5,305,L,8320,9200,0.5669144981412639,-1
G2AN_TM17.5_0330_G021_8.png,G2AN,17.5,330,G,8784,8992,0.6156716417910447,-1
G2AN_TM17.5_0358_L029_10.png,G2AN,17.5,358,L,8928,9136,0.6654275092936803,-1
G2AN_TM17.5_0398_L039_4.png,G2AN,17.5,398,L,7952,8464,0.7397769516728625,-1
G2AN_TM17.5_0450_G031_10.png,G2AN,17.5,450,G,8160,6976,0.8395522388059702,-1
G2AN_TM17.5_0452_L033_10.png,G2AN,17.5,452,L,7696,6912,0.8401486988847584,-1
G2AN_TM17.5_0465_L046_1.png,G2AN,17.5,465,L,7856,6976,0.8643122676579925,-1
G2AN_TM17.5_0478_L049_2.png,G2AN,17.5,478,L,8000,6704,0.8884758364312267,-1
G2AN_TM17.5_0530_G041_8.png,G2AN,17.5,530,G,4640,3296,0.9888059701492538,-1
G2AN_TM17.5_0532_L043_8.png,G2AN,17.5,532,L,4800,3088,0.9888475836431226,-1
G2AN_TM18.5_0023_G004_3.png,G2AN,18.5,23,G,3264,3744,0.0408525754884547,-1
G2AN_TM18.5_0037_L008_4.png,G2AN,18.5,37,L,3008,4272,0.0656028368794326,-1
G2AN_TM18.5_0064_L005_7.png,G2AN,18.5,64,L,3504,4688,0.1134751773049645,-1
G2AN_TM18.5_0076_G007_8.png,G2AN,18.5,76,G,4368,5184,0.1349911190053286,-1
G2AN_TM18.5_0117_L008_12.png,G2AN,18.5,117,L,4368,5856,0.2074468085106383,-1
G2AN_TM18.5_0130_G001_14.png,G2AN,18.5,130,G,5072,6368,0.2309058614564831,-1
G2AN_TM18.5_0196_G017_6.png,G2AN,18.5,196,G,6768,8736,0.3481349911190053,-1
G2AN_TM18.5_0210_G011_8.png,G2AN,18.5,210,G,6480,8688,0.3730017761989342,-1
G2AN_TM18.5_0211_L012_8.png,G2AN,18.5,211,L,7328,8544,0.374113475177305,-1
G2AN_TM18.5_0223_G014_9.png,G2AN,18.5,223,G,6576,8832,0.3960923623445826,-1
G2AN_TM18.5_0251_L022_2.png,G2AN,18.5,251,L,7344,9312,0.4450354609929078,-1
G2AN_TM18.5_0356_G037_2.png,G2AN,18.5,356,G,8320,9744,0.6323268206039077,-1
G2AN_TM18.5_0357_L038_2.png,G2AN,18.5,357,L,8256,9984,0.6329787234042553,-1
G2AN_TM18.5_0371_L032_4.png,G2AN,18.5,371,L,7536,9792,0.6578014184397163,-1
G2AN_TM18.5_0383_G034_5.png,G2AN,18.5,383,G,7968,9360,0.6802841918294849,-1
G2AN_TM18.5_0384_L035_5.png,G2AN,18.5,384,L,7536,9504,0.6808510638297872,-1
G2AN_TM18.5_0476_G047_4.png,G2AN,18.5,476,G,6288,7152,0.8454706927175843,-1
G2AN_TM18.5_0490_G041_6.png,G2AN,18.5,490,G,6576,7296,0.8703374777975134,-1
G2AN_TM18.5_0491_L042_6.png,G2AN,18.5,491,L,6912,6912,0.8705673758865248,-1
G2AN_TM18.5_0531_L042_10.png,G2AN,18.5,531,L,7440,5520,0.9414893617021276,-1
G2AN_TM9.5_0010_G001_2.png,G2AN,9.5,10,G,2304,3344,0.0183150183150183,-1
G2AN_TM9.5_0024_L005_3.png,G2AN,9.5,24,L,3408,4288,0.0438756855575868,-1
G2AN_TM9.5_0051_L002_6.png,G2AN,9.5,51,L,3200,4624,0.093235831809872,-1
G2AN_TM9.5_0077_L008_8.png,G2AN,9.5,77,L,3648,4800,0.1407678244972577,-1
G2AN_TM9.5_0090_G001_10.png,G2AN,9.5,90,G,4640,4512,0.1648351648351648,-1
G2AN_TM9.5_0264_L015_9.png,G2AN,9.5,264,L,7376,9600,0.4826325411334552,-1
G2AN_TM9.5_0276_G017_10.png,G2AN,9.5,276,G,6624,9440,0.5054945054945055,-1
G2AN_TM9.5_0304_L025_3.png,G2AN,9.5,304,L,7264,9696,0.5557586837294333,-1
G2AN_TM9.5_0317_L028_4.png,G2AN,9.5,317,L,7008,9536,0.5795246800731262,-1
G2AN_TM9.5_0344_L025_7.png,G2AN,9.5,344,L,7136,9184,0.6288848263254113,-1
G2AN_TM9.5_0370_G021_10.png,G2AN,9.5,370,G,6976,8864,0.6776556776556777,-1
G2AN_TM9.5_0396_G037_2.png,G2AN,9.5,396,G,6272,7808,0.7252747252747253,-1
G2AN_TM9.5_0410_G031_4.png,G2AN,9.5,410,G,6304,7872,0.7509157509157509,-1
G2AN_TM9.5_0451_L032_8.png,G2AN,9.5,451,L,5760,6880,0.8244972577696527,-1
G2AN_TM9.5_0463_G034_9.png,G2AN,9.5,463,G,6048,7392,0.847985347985348,-1
G2AN_TM9.5_0476_G037_10.png,G2AN,9.5,476,G,5824,7072,0.8717948717948718,-1
G2AN_TM9.5_0490_G031_12.png,G2AN,9.5,490,G,5664,6240,0.8974358974358975,-1
G2AN_TM9.5_0504_L045_1.png,G2AN,9.5,504,L,5188,5808,0.9213893967093236,-1
G2AN_TM9.5_0530_G041_4.png,G2AN,9.5,530,G,4992,4176,0.9706959706959708,-1
G2AN_TM9.5_0531_L042_4.png,G2AN,9.5,531,L,5184,4384,0.9707495429616088,-1
G2AN_woTM_0010_L001_2.png,G2AN,wo,10,L,2784,3456,0.0176678445229682,-1
G2AN_woTM_0038_G009_4.png,G2AN,wo,38,G,2832,4128,0.0669014084507042,-1
G2AN_woTM_0050_L001_6.png,G2AN,wo,50,L,3392,4672,0.0883392226148409,-1
G2AN_woTM_0076_L007_8.png,G2AN,wo,76,L,4912,5376,0.1342756183745583,-1
G2AN_woTM_0090_L001_10.png,G2AN,wo,90,L,4944,5888,0.1590106007067137,-1
G2AN_woTM_0103_L004_11.png,G2AN,wo,103,L,5120,6784,0.1819787985865724,-1
G2AN_woTM_0105_G006_11.png,G2AN,wo,105,G,5184,6672,0.1848591549295774,-1
G2AN_woTM_0132_G003_14.png,G2AN,wo,132,G,5616,7200,0.2323943661971831,-1
G2AN_woTM_0158_G019_2.png,G2AN,wo,158,G,6384,7824,0.278169014084507,-1
G2AN_woTM_0170_L011_4.png,G2AN,wo,170,L,6912,8784,0.3003533568904594,-1
G2AN_woTM_0183_L014_5.png,G2AN,wo,183,L,6480,8544,0.323321554770318,-1
G2AN_woTM_0196_L017_6.png,G2AN,wo,196,L,7008,9360,0.3462897526501767,-1
G2AN_woTM_0305_G026_7.png,G2AN,wo,305,G,6960,9360,0.5369718309859155,-1
G2AN_woTM_0383_L034_5.png,G2AN,wo,383,L,6368,7440,0.676678445229682,-1
G2AN_woTM_0385_G036_5.png,G2AN,wo,385,G,5424,6864,0.6778169014084507,-1
G2AN_woTM_0425_G036_9.png,G2AN,wo,425,G,5424,6960,0.7482394366197183,-1
G2AN_woTM_0452_G033_12.png,G2AN,wo,452,G,5472,5472,0.795774647887324,-1
G2AN_woTM_0465_G046_1.png,G2AN,wo,465,G,4320,4968,0.8186619718309859,-1
G2AN_woTM_0492_G043_4.png,G2AN,wo,492,G,3152,3728,0.8661971830985915,-1
G2AN_woTM_0556_L047_10.png,G2AN,wo,556,L,3288,2784,0.9823321554770318,-1
